Areaname,STCOU,area
UNITED STATES,00000,3537438.44
ALABAMA,01000,50744
"Autauga, AL",01001,595.97
"Baldwin, AL",01003,1596.35
"Barbour, AL",01005,884.9
"Bibb, AL",01007,623.03
"Blount, AL",01009,645.59
"Bullock, AL",01011,625.01
"Butler, AL",01013,776.87
"Calhoun, AL",01015,608.46
"Chambers, AL",01017,597.17
"Cherokee, AL",01019,553.12
"Chilton, AL",01021,693.98
"Choctaw, AL",01023,913.51
"Clarke, AL",01025,1238.38
"Clay, AL",01027,605.07
"Cleburne, AL",01029,560.21
"Coffee, AL",01031,678.99
"Colbert, AL",01033,594.53
"Conecuh, AL",01035,850.79
"Coosa, AL",01037,652.44
"Covington, AL",01039,1033.82
"Crenshaw, AL",01041,609.58
"Cullman, AL",01043,738.43
"Dale, AL",01045,561.07
"Dallas, AL",01047,980.71
"DeKalb, AL",01049,777.91
"Elmore, AL",01051,621.26
"Escambia, AL",01053,947.38
"Etowah, AL",01055,534.82
"Fayette, AL",01057,627.66
"Franklin, AL",01059,635.64
"Geneva, AL",01061,576.28
"Greene, AL",01063,645.87
"Hale, AL",01065,643.74
"Henry, AL",01067,561.8
"Houston, AL",01069,580.36
"Jackson, AL",01071,1078.74
"Jefferson, AL",01073,1112.61
"Lamar, AL",01075,604.85
"Lauderdale, AL",01077,669.46
"Lawrence, AL",01079,693.38
"Lee, AL",01081,608.71
"Limestone, AL",01083,568.05
"Lowndes, AL",01085,717.94
"Macon, AL",01087,610.52
"Madison, AL",01089,804.92
"Marengo, AL",01091,977.04
"Marion, AL",01093,741.41
"Marshall, AL",01095,567.06
"Mobile, AL",01097,1233.09
"Monroe, AL",01099,1025.85
"Montgomery, AL",01101,789.76
"Morgan, AL",01103,582.21
"Perry, AL",01105,719.48
"Pickens, AL",01107,881.42
"Pike, AL",01109,671.03
"Randolph, AL",01111,581.05
"Russell, AL",01113,641.32
"St. Clair, AL",01115,633.75
"Shelby, AL",01117,794.69
"Sumter, AL",01119,904.94
"Talladega, AL",01121,739.53
"Tallapoosa, AL",01123,717.93
"Tuscaloosa, AL",01125,1324.37
"Walker, AL",01127,794.39
"Washington, AL",01129,1080.66
"Wilcox, AL",01131,888.68
"Winston, AL",01133,614.44
ALASKA,02000,571951.26
"Aleutians East, AK",02013,6988.14
"Aleutians West, AK",02016,4396.77
"Anchorage, AK",02020,1697.21
"Bethel, AK",02050,40633.31
"Bristol Bay, AK",02060,504.92
"Denali, AK",02068,12749.65
"Dillingham, AK",02070,18674.78
"Fairbanks North Star, AK",02090,7366.24
"Haines, AK",02100,2343.73
"Hoonah-Angoon, AK",02105,7896.48
"Juneau, AK",02110,2716.67
"Kenai Peninsula, AK",02122,16013.26
"Ketchikan Gateway, AK",02130,1233.22
"Kodiak Island, AK",02150,6559.85
"Lake and Peninsula, AK",02164,23781.96
"Matanuska-Susitna, AK",02170,24681.54
"Nome, AK",02180,23000.91
"North Slope, AK",02185,88817.12
"Northwest Arctic, AK",02188,35898.34
"Petersburg, AK",02195,5834.94
"Prince of Wales-Hyder, AK",02198,7410.62
"Sitka, AK",02220,2873.98
"Skagway, AK",02230,0
"Southeast Fairbanks, AK",02240,24814.86
"Valdez-Cordova, AK",02261,34319.1
"Wade Hampton, AK",02270,17193.5
"Wrangell, AK",02275,0
"Yakutat, AK",02282,7650.46
"Yukon-Koyukuk, AK",02290,145899.69
ARIZONA,04000,113634.57
"Apache, AZ",04001,11204.88
"Cochise, AZ",04003,6169.45
"Coconino, AZ",04005,18617.42
"Gila, AZ",04007,4767.7
"Graham, AZ",04009,4629.32
"Greenlee, AZ",04011,1847
"La Paz, AZ",04012,4499.95
"Maricopa, AZ",04013,9203.14
"Mohave, AZ",04015,13311.64
"Navajo, AZ",04017,9953.18
"Pima, AZ",04019,9186.27
"Pinal, AZ",04021,5369.59
"Santa Cruz, AZ",04023,1237.63
"Yavapai, AZ",04025,8123.3
"Yuma, AZ",04027,5514.09
ARKANSAS,05000,52068.17
"Arkansas, AR",05001,988.49
"Ashley, AR",05003,921.15
"Baxter, AR",05005,554.36
"Benton, AR",05007,845.99
"Boone, AR",05009,591.18
"Bradley, AR",05011,650.63
"Calhoun, AR",05013,628.27
"Carroll, AR",05015,630.27
"Chicot, AR",05017,644.03
"Clark, AR",05019,865.43
"Clay, AR",05021,639.3
"Cleburne, AR",05023,553.05
"Cleveland, AR",05025,597.74
"Columbia, AR",05027,766.11
"Conway, AR",05029,556.15
"Craighead, AR",05031,710.84
"Crawford, AR",05033,595.39
"Crittenden, AR",05035,610.17
"Cross, AR",05037,615.85
"Dallas, AR",05039,667.42
"Desha, AR",05041,764.99
"Drew, AR",05043,828.18
"Faulkner, AR",05045,647.38
"Franklin, AR",05047,609.55
"Fulton, AR",05049,618.16
"Garland, AR",05051,677.22
"Grant, AR",05053,631.78
"Greene, AR",05055,577.51
"Hempstead, AR",05057,728.77
"Hot Spring, AR",05059,614.93
"Howard, AR",05061,587.42
"Independence, AR",05063,763.78
"Izard, AR",05065,580.68
"Jackson, AR",05067,633.52
"Jefferson, AR",05069,884.82
"Johnson, AR",05071,662.17
"Lafayette, AR",05073,526.5
"Lawrence, AR",05075,586.57
"Lee, AR",05077,601.66
"Lincoln, AR",05079,561.2
"Little River, AR",05081,531.73
"Logan, AR",05083,709.87
"Lonoke, AR",05085,765.96
"Madison, AR",05087,836.81
"Marion, AR",05089,597.7
"Miller, AR",05091,623.98
"Mississippi, AR",05093,898.25
"Monroe, AR",05095,606.65
"Montgomery, AR",05097,780.93
"Nevada, AR",05099,619.95
"Newton, AR",05101,822.97
"Ouachita, AR",05103,732.45
"Perry, AR",05105,550.94
"Phillips, AR",05107,692.67
"Pike, AR",05109,603.01
"Poinsett, AR",05111,757.74
"Polk, AR",05113,859.38
"Pope, AR",05115,811.9
"Prairie, AR",05117,645.93
"Pulaski, AR",05119,770.82
"Randolph, AR",05121,651.82
"St. Francis, AR",05123,633.84
"Saline, AR",05125,723.46
"Scott, AR",05127,893.88
"Searcy, AR",05129,667.15
"Sebastian, AR",05131,536.24
"Sevier, AR",05133,563.94
"Sharp, AR",05135,604.35
"Stone, AR",05137,606.59
"Union, AR",05139,1038.9
"Van Buren, AR",05141,711.51
"Washington, AR",05143,949.72
"White, AR",05145,1034.03
"Woodruff, AR",05147,586.56
"Yell, AR",05149,927.89
CALIFORNIA,06000,155959.34
"Alameda, CA",06001,737.57
"Alpine, CA",06003,738.62
"Amador, CA",06005,592.97
"Butte, CA",06007,1639.49
"Calaveras, CA",06009,1020.04
"Colusa, CA",06011,1150.68
"Contra Costa, CA",06013,719.95
"Del Norte, CA",06015,1007.81
"El Dorado, CA",06017,1710.85
"Fresno, CA",06019,5962.73
"Glenn, CA",06021,1314.79
"Humboldt, CA",06023,3572.49
"Imperial, CA",06025,4174.73
"Inyo, CA",06027,10203.1
"Kern, CA",06029,8140.96
"Kings, CA",06031,1390.99
"Lake, CA",06033,1257.96
"Lassen, CA",06035,4557.27
"Los Angeles, CA",06037,4060.87
"Madera, CA",06039,2135.86
"Marin, CA",06041,519.8
"Mariposa, CA",06043,1451.12
"Mendocino, CA",06045,3508.97
"Merced, CA",06047,1928.69
"Modoc, CA",06049,3944.1
"Mono, CA",06051,3044.4
"Monterey, CA",06053,3321.95
"Napa, CA",06055,753.73
"Nevada, CA",06057,957.61
"Orange, CA",06059,789.4
"Placer, CA",06061,1404.37
"Plumas, CA",06063,2553.69
"Riverside, CA",06065,7207.37
"Sacramento, CA",06067,965.65
"San Benito, CA",06069,1389.06
"San Bernardino, CA",06071,20052.5
"San Diego, CA",06073,4199.89
"San Francisco, CA",06075,46.69
"San Joaquin, CA",06077,1399.28
"San Luis Obispo, CA",06079,3304.32
"San Mateo, CA",06081,449.07
"Santa Barbara, CA",06083,2737.01
"Santa Clara, CA",06085,1290.69
"Santa Cruz, CA",06087,445.24
"Shasta, CA",06089,3785.19
"Sierra, CA",06091,953.38
"Siskiyou, CA",06093,6286.78
"Solano, CA",06095,829.19
"Sonoma, CA",06097,1575.88
"Stanislaus, CA",06099,1493.79
"Sutter, CA",06101,602.54
"Tehama, CA",06103,2950.99
"Trinity, CA",06105,3178.61
"Tulare, CA",06107,4823.97
"Tuolumne, CA",06109,2235.41
"Ventura, CA",06111,1845.3
"Yolo, CA",06113,1013.27
"Yuba, CA",06115,630.69
COLORADO,08000,103717.53
"Adams, CO",08001,1191.93
"Alamosa, CO",08003,722.74
"Arapahoe, CO",08005,803.14
"Archuleta, CO",08007,1350.22
"Baca, CO",08009,2555.72
"Bent, CO",08011,1513.9
"Boulder, CO",08013,742.46
"Broomfield, CO",08014,0
"Chaffee, CO",08015,1013.45
"Cheyenne, CO",08017,1781.35
"Clear Creek, CO",08019,395.45
"Conejos, CO",08021,1287.22
"Costilla, CO",08023,1227.1
"Crowley, CO",08025,788.99
"Custer, CO",08027,738.89
"Delta, CO",08029,1142.11
"Denver, CO",08031,153.35
"Dolores, CO",08033,1066.97
"Douglas, CO",08035,840.11
"Eagle, CO",08037,1687.88
"Elbert, CO",08039,1850.78
"El Paso, CO",08041,2126.45
"Fremont, CO",08043,1532.93
"Garfield, CO",08045,2947.06
"Gilpin, CO",08047,149.87
"Grand, CO",08049,1846.67
"Gunnison, CO",08051,3238.81
"Hinsdale, CO",08053,1117.68
"Huerfano, CO",08055,1590.87
"Jackson, CO",08057,1613.21
"Jefferson, CO",08059,772.09
"Kiowa, CO",08061,1770.99
"Kit Carson, CO",08063,2160.87
"Lake, CO",08065,376.89
"La Plata, CO",08067,1692.15
"Larimer, CO",08069,2601.3
"Las Animas, CO",08071,4772.63
"Lincoln, CO",08073,2586.09
"Logan, CO",08075,1838.52
"Mesa, CO",08077,3327.75
"Mineral, CO",08079,875.72
"Moffat, CO",08081,4742.25
"Montezuma, CO",08083,2036.63
"Montrose, CO",08085,2240.61
"Morgan, CO",08087,1285.36
"Otero, CO",08089,1262.86
"Ouray, CO",08091,540.47
"Park, CO",08093,2200.69
"Phillips, CO",08095,687.62
"Pitkin, CO",08097,970.42
"Prowers, CO",08099,1640.38
"Pueblo, CO",08101,2388.69
"Rio Blanco, CO",08103,3220.97
"Rio Grande, CO",08105,911.6
"Routt, CO",08107,2361.59
"Saguache, CO",08109,3168.44
"San Juan, CO",08111,387.42
"San Miguel, CO",08113,1286.5
"Sedgwick, CO",08115,548.24
"Summit, CO",08117,608.16
"Teller, CO",08119,557.06
"Washington, CO",08121,2520.98
"Weld, CO",08123,3992.45
"Yuma, CO",08125,2365.79
CONNECTICUT,09000,4844.8
"Fairfield, CT",09001,625.8
"Hartford, CT",09003,735.44
"Litchfield, CT",09005,919.92
"Middlesex, CT",09007,369.26
"New Haven, CT",09009,605.64
"New London, CT",09011,665.91
"Tolland, CT",09013,410.07
"Windham, CT",09015,512.75
DELAWARE,10000,1953.56
"Kent, DE",10001,589.72
"New Castle, DE",10003,426.27
"Sussex, DE",10005,937.58
DISTRICT OF COLUMBIA,11000,61.4
District of Columbia,11001,61.4
FLORIDA,12000,53926.82
"Alachua, FL",12001,874.25
"Baker, FL",12003,585.21
"Bay, FL",12005,763.68
"Bradford, FL",12007,293.13
"Brevard, FL",12009,1018.19
"Broward, FL",12011,1205.4
"Calhoun, FL",12013,567.31
"Charlotte, FL",12015,693.6
"Citrus, FL",12017,583.81
"Clay, FL",12019,601.11
"Collier, FL",12021,2025.34
"Columbia, FL",12023,797.05
"DeSoto, FL",12027,637.27
"Dixie, FL",12029,704.01
"Duval, FL",12031,773.67
"Escambia, FL",12033,662.35
"Flagler, FL",12035,485
"Franklin, FL",12037,544.34
"Gadsden, FL",12039,516.13
"Gilchrist, FL",12041,348.89
"Glades, FL",12043,773.64
"Gulf, FL",12045,554.6
"Hamilton, FL",12047,514.86
"Hardee, FL",12049,637.3
"Hendry, FL",12051,1152.53
"Hernando, FL",12053,478.31
"Highlands, FL",12055,1028.27
"Hillsborough, FL",12057,1050.91
"Holmes, FL",12059,482.45
"Indian River, FL",12061,503.23
"Jackson, FL",12063,915.64
"Jefferson, FL",12065,597.74
"Lafayette, FL",12067,542.84
"Lake, FL",12069,953.15
"Lee, FL",12071,803.63
"Leon, FL",12073,666.74
"Levy, FL",12075,1118.38
"Liberty, FL",12077,835.87
"Madison, FL",12079,691.79
"Manatee, FL",12081,741.03
"Marion, FL",12083,1578.86
"Martin, FL",12085,555.62
"Miami-Dade, FL",12086,1946.06
"Monroe, FL",12087,996.91
"Nassau, FL",12089,651.55
"Okaloosa, FL",12091,935.63
"Okeechobee, FL",12093,773.94
"Orange, FL",12095,907.45
"Osceola, FL",12097,1321.9
"Palm Beach, FL",12099,1974.11
"Pasco, FL",12101,744.85
"Pinellas, FL",12103,279.92
"Polk, FL",12105,1874.38
"Putnam, FL",12107,721.89
"St. Johns, FL",12109,609.01
"St. Lucie, FL",12111,572.45
"Santa Rosa, FL",12113,1016.93
"Sarasota, FL",12115,571.55
"Seminole, FL",12117,308.2
"Sumter, FL",12119,545.73
"Suwannee, FL",12121,687.64
"Taylor, FL",12123,1041.91
"Union, FL",12125,240.29
"Volusia, FL",12127,1103.25
"Wakulla, FL",12129,606.66
"Walton, FL",12131,1057.56
"Washington, FL",12133,579.93
GEORGIA,13000,57906.14
"Appling, GA",13001,508.51
"Atkinson, GA",13003,338.04
"Bacon, GA",13005,284.95
"Baker, GA",13007,343.22
"Baldwin, GA",13009,258.45
"Banks, GA",13011,233.67
"Barrow, GA",13013,162.17
"Bartow, GA",13015,459.43
"Ben Hill, GA",13017,251.79
"Berrien, GA",13019,452.41
"Bibb, GA",13021,249.96
"Bleckley, GA",13023,217.39
"Brantley, GA",13025,444.4
"Brooks, GA",13027,493.62
"Bryan, GA",13029,441.71
"Bulloch, GA",13031,682.07
"Burke, GA",13033,830.47
"Butts, GA",13035,186.61
"Calhoun, GA",13037,280.18
"Camden, GA",13039,629.91
"Candler, GA",13043,246.88
"Carroll, GA",13045,498.93
"Catoosa, GA",13047,162.23
"Charlton, GA",13049,780.77
"Chatham, GA",13051,438.11
"Chattahoochee, GA",13053,248.77
"Chattooga, GA",13055,313.33
"Cherokee, GA",13057,423.68
"Clarke, GA",13059,120.79
"Clay, GA",13061,195.21
"Clayton, GA",13063,142.62
"Clinch, GA",13065,809.29
"Cobb, GA",13067,340.15
"Coffee, GA",13069,598.9
"Colquitt, GA",13071,552.27
"Columbia, GA",13073,290.01
"Cook, GA",13075,229.02
"Coweta, GA",13077,442.62
"Crawford, GA",13079,325.01
"Crisp, GA",13081,273.82
"Dade, GA",13083,173.98
"Dawson, GA",13085,211.04
"Decatur, GA",13087,596.8
"DeKalb, GA",13089,268.21
"Dodge, GA",13091,500.29
"Dooly, GA",13093,392.88
"Dougherty, GA",13095,329.6
"Douglas, GA",13097,199.3
"Early, GA",13099,511.23
"Echols, GA",13101,404.13
"Effingham, GA",13103,479.41
"Elbert, GA",13105,368.76
"Emanuel, GA",13107,685.79
"Evans, GA",13109,184.92
"Fannin, GA",13111,385.74
"Fayette, GA",13113,197.05
"Floyd, GA",13115,513.13
"Forsyth, GA",13117,225.8
"Franklin, GA",13119,263.29
"Fulton, GA",13121,528.66
"Gilmer, GA",13123,426.69
"Glascock, GA",13125,144.14
"Glynn, GA",13127,422.37
"Gordon, GA",13129,355.54
"Grady, GA",13131,458.12
"Greene, GA",13133,388.28
"Gwinnett, GA",13135,432.73
"Habersham, GA",13137,278.17
"Hall, GA",13139,393.66
"Hancock, GA",13141,473.28
"Haralson, GA",13143,282.11
"Harris, GA",13145,463.69
"Hart, GA",13147,232.21
"Heard, GA",13149,296.03
"Henry, GA",13151,322.71
"Houston, GA",13153,376.75
"Irwin, GA",13155,356.81
"Jackson, GA",13157,342.36
"Jasper, GA",13159,370.42
"Jeff Davis, GA",13161,333.38
"Jefferson, GA",13163,527.65
"Jenkins, GA",13165,349.81
"Johnson, GA",13167,304.26
"Jones, GA",13169,393.75
"Lamar, GA",13171,184.82
"Lanier, GA",13173,186.82
"Laurens, GA",13175,812.27
"Lee, GA",13177,355.77
"Liberty, GA",13179,519.05
"Lincoln, GA",13181,211.09
"Long, GA",13183,400.92
"Lowndes, GA",13185,504.22
"Lumpkin, GA",13187,284.47
"McDuffie, GA",13189,259.77
"McIntosh, GA",13191,433.45
"Macon, GA",13193,403.28
"Madison, GA",13195,283.88
"Marion, GA",13197,367
"Meriwether, GA",13199,503.28
"Miller, GA",13201,283.05
"Mitchell, GA",13205,511.96
"Monroe, GA",13207,395.63
"Montgomery, GA",13209,245.33
"Morgan, GA",13211,349.64
"Murray, GA",13213,344.41
"Muscogee, GA",13215,216.26
"Newton, GA",13217,276.43
"Oconee, GA",13219,185.7
"Oglethorpe, GA",13221,441.11
"Paulding, GA",13223,313.43
"Peach, GA",13225,151.06
"Pickens, GA",13227,232.13
"Pierce, GA",13229,343.25
"Pike, GA",13231,218.37
"Polk, GA",13233,311.14
"Pulaski, GA",13235,247.42
"Putnam, GA",13237,344.53
"Quitman, GA",13239,151.54
"Rabun, GA",13241,371.05
"Randolph, GA",13243,429.25
"Richmond, GA",13245,324.04
"Rockdale, GA",13247,130.63
"Schley, GA",13249,167.61
"Screven, GA",13251,648.44
"Seminole, GA",13253,238.04
"Spalding, GA",13255,197.95
"Stephens, GA",13257,179.26
"Stewart, GA",13259,458.7
"Sumter, GA",13261,485.28
"Talbot, GA",13263,393.21
"Taliaferro, GA",13265,195.39
"Tattnall, GA",13267,483.69
"Taylor, GA",13269,377.44
"Telfair, GA",13271,441.09
"Terrell, GA",13273,335.37
"Thomas, GA",13275,548.3
"Tift, GA",13277,265.05
"Toombs, GA",13279,366.65
"Towns, GA",13281,166.66
"Treutlen, GA",13283,200.66
"Troup, GA",13285,413.9
"Turner, GA",13287,286.03
"Twiggs, GA",13289,360.29
"Union, GA",13291,322.55
"Upson, GA",13293,325.48
"Walker, GA",13295,446.58
"Walton, GA",13297,329.18
"Ware, GA",13299,902.29
"Warren, GA",13301,285.52
"Washington, GA",13303,680.34
"Wayne, GA",13305,644.66
"Webster, GA",13307,209.54
"Wheeler, GA",13309,297.72
"White, GA",13311,241.58
"Whitfield, GA",13313,289.99
"Wilcox, GA",13315,380.3
"Wilkes, GA",13317,471.37
"Wilkinson, GA",13319,446.56
"Worth, GA",13321,569.73
HAWAII,15000,6422.62
"Hawaii, HI",15001,4028.02
"Honolulu, HI",15003,599.77
"Kalawao, HI",15005,13.21
"Kauai, HI",15007,622.44
"Maui, HI",15009,1159.2
IDAHO,16000,82747.21
"Ada, ID",16001,1054.99
"Adams, ID",16003,1364.58
"Bannock, ID",16005,1113.3
"Bear Lake, ID",16007,971.38
"Benewah, ID",16009,776.07
"Bingham, ID",16011,2094.73
"Blaine, ID",16013,2644.78
"Boise, ID",16015,1902.46
"Bonner, ID",16017,1737.67
"Bonneville, ID",16019,1868.48
"Boundary, ID",16021,1268.81
"Butte, ID",16023,2232.85
"Camas, ID",16025,1074.96
"Canyon, ID",16027,589.72
"Caribou, ID",16029,1766.01
"Cassia, ID",16031,2566.45
"Clark, ID",16033,1764.63
"Clearwater, ID",16035,2461.4
"Custer, ID",16037,4925.45
"Elmore, ID",16039,3077.57
"Franklin, ID",16041,665.43
"Fremont, ID",16043,1866.76
"Gem, ID",16045,562.58
"Gooding, ID",16047,730.78
"Idaho, ID",16049,8484.88
"Jefferson, ID",16051,1095.08
"Jerome, ID",16053,599.84
"Kootenai, ID",16055,1245.12
"Latah, ID",16057,1076.65
"Lemhi, ID",16059,4564.16
"Lewis, ID",16061,479.04
"Lincoln, ID",16063,1205.53
"Madison, ID",16065,471.52
"Minidoka, ID",16067,759.62
"Nez Perce, ID",16069,849.08
"Oneida, ID",16071,1200.33
"Owyhee, ID",16073,7677.98
"Payette, ID",16075,407.52
"Power, ID",16077,1405.57
"Shoshone, ID",16079,2633.91
"Teton, ID",16081,450.36
"Twin Falls, ID",16083,1925.03
"Valley, ID",16085,3677.82
"Washington, ID",16087,1456.32
ILLINOIS,17000,55583.58
"Adams, IL",17001,856.63
"Alexander, IL",17003,236.38
"Bond, IL",17005,380.2
"Boone, IL",17007,281.27
"Brown, IL",17009,305.65
"Bureau, IL",17011,868.56
"Calhoun, IL",17013,253.82
"Carroll, IL",17015,444.21
"Cass, IL",17017,375.9
"Champaign, IL",17019,996.81
"Christian, IL",17021,709.06
"Clark, IL",17023,501.5
"Clay, IL",17025,469.25
"Clinton, IL",17027,474.23
"Coles, IL",17029,508.29
"Cook, IL",17031,945.68
"Crawford, IL",17033,443.53
"Cumberland, IL",17035,346.02
"DeKalb, IL",17037,634.16
"De Witt, IL",17039,397.58
"Douglas, IL",17041,416.86
"DuPage, IL",17043,333.61
"Edgar, IL",17045,623.55
"Edwards, IL",17047,222.35
"Effingham, IL",17049,478.7
"Fayette, IL",17051,716.49
"Ford, IL",17053,485.9
"Franklin, IL",17055,412.08
"Fulton, IL",17057,865.62
"Gallatin, IL",17059,323.73
"Greene, IL",17061,543.09
"Grundy, IL",17063,419.9
"Hamilton, IL",17065,435.16
"Hancock, IL",17067,794.62
"Hardin, IL",17069,178.33
"Henderson, IL",17071,378.81
"Henry, IL",17073,823.21
"Iroquois, IL",17075,1116.43
"Jackson, IL",17077,588.12
"Jasper, IL",17079,494.4
"Jefferson, IL",17081,570.96
"Jersey, IL",17083,369.16
"Jo Daviess, IL",17085,601.08
"Johnson, IL",17087,344.63
"Kane, IL",17089,520.44
"Kankakee, IL",17091,676.75
"Kendall, IL",17093,320.58
"Knox, IL",17095,716.28
"Lake, IL",17097,447.56
"LaSalle, IL",17099,1134.92
"Lawrence, IL",17101,371.98
"Lee, IL",17103,725.36
"Livingston, IL",17105,1043.76
"Logan, IL",17107,618.14
"McDonough, IL",17109,589.27
"McHenry, IL",17111,603.51
"McLean, IL",17113,1183.53
"Macon, IL",17115,580.52
"Macoupin, IL",17117,863.57
"Madison, IL",17119,725.02
"Marion, IL",17121,572.26
"Marshall, IL",17123,386.06
"Mason, IL",17125,538.94
"Massac, IL",17127,239.05
"Menard, IL",17129,314.25
"Mercer, IL",17131,561.02
"Monroe, IL",17133,388.29
"Montgomery, IL",17135,703.8
"Morgan, IL",17137,568.76
"Moultrie, IL",17139,335.6
"Ogle, IL",17141,758.83
"Peoria, IL",17143,619.52
"Perry, IL",17145,440.96
"Piatt, IL",17147,440.02
"Pike, IL",17149,830.3
"Pope, IL",17151,370.86
"Pulaski, IL",17153,200.79
"Putnam, IL",17155,159.8
"Randolph, IL",17157,578.42
"Richland, IL",17159,360.14
"Rock Island, IL",17161,426.75
"St. Clair, IL",17163,663.81
"Saline, IL",17165,383.31
"Sangamon, IL",17167,868.18
"Schuyler, IL",17169,437.31
"Scott, IL",17171,250.92
"Shelby, IL",17173,758.51
"Stark, IL",17175,287.94
"Stephenson, IL",17177,564.18
"Tazewell, IL",17179,648.86
"Union, IL",17181,416.16
"Vermilion, IL",17183,899.08
"Wabash, IL",17185,223.47
"Warren, IL",17187,542.52
"Washington, IL",17189,562.61
"Wayne, IL",17191,713.9
"White, IL",17193,494.87
"Whiteside, IL",17195,684.77
"Will, IL",17197,836.94
"Williamson, IL",17199,423.41
"Winnebago, IL",17201,513.74
"Woodford, IL",17203,527.95
INDIANA,18000,35866.9
"Adams, IN",18001,339.36
"Allen, IN",18003,657.25
"Bartholomew, IN",18005,406.84
"Benton, IN",18007,406.31
"Blackford, IN",18009,165.1
"Boone, IN",18011,422.85
"Brown, IN",18013,312.26
"Carroll, IN",18015,372.26
"Cass, IN",18017,412.87
"Clark, IN",18019,375.04
"Clay, IN",18021,357.62
"Clinton, IN",18023,405.1
"Crawford, IN",18025,305.68
"Daviess, IN",18027,430.66
"Dearborn, IN",18029,305.21
"Decatur, IN",18031,372.6
"DeKalb, IN",18033,362.88
"Delaware, IN",18035,393.29
"Dubois, IN",18037,430.09
"Elkhart, IN",18039,463.81
"Fayette, IN",18041,214.96
"Floyd, IN",18043,148
"Fountain, IN",18045,395.69
"Franklin, IN",18047,386
"Fulton, IN",18049,368.51
"Gibson, IN",18051,488.78
"Grant, IN",18053,414.03
"Greene, IN",18055,541.73
"Hamilton, IN",18057,397.94
"Hancock, IN",18059,306.12
"Harrison, IN",18061,485.22
"Hendricks, IN",18063,408.39
"Henry, IN",18065,392.93
"Howard, IN",18067,293.07
"Huntington, IN",18069,382.59
"Jackson, IN",18071,509.31
"Jasper, IN",18073,559.87
"Jay, IN",18075,383.64
"Jefferson, IN",18077,361.37
"Jennings, IN",18079,377.22
"Johnson, IN",18081,320.19
"Knox, IN",18083,515.83
"Kosciusko, IN",18085,537.5
"LaGrange, IN",18087,379.56
"Lake, IN",18089,496.98
"LaPorte, IN",18091,598.24
"Lawrence, IN",18093,448.83
"Madison, IN",18095,452.13
"Marion, IN",18097,396.25
"Marshall, IN",18099,444.27
"Martin, IN",18101,336.14
"Miami, IN",18103,375.62
"Monroe, IN",18105,394.35
"Montgomery, IN",18107,504.51
"Morgan, IN",18109,406.47
"Newton, IN",18111,401.85
"Noble, IN",18113,411.11
"Ohio, IN",18115,86.72
"Orange, IN",18117,399.52
"Owen, IN",18119,385.18
"Parke, IN",18121,444.77
"Perry, IN",18123,381.39
"Pike, IN",18125,336.18
"Porter, IN",18127,418.11
"Posey, IN",18129,408.5
"Pulaski, IN",18131,433.68
"Putnam, IN",18133,480.31
"Randolph, IN",18135,452.83
"Ripley, IN",18137,446.36
"Rush, IN",18139,408.28
"St. Joseph, IN",18141,457.34
"Scott, IN",18143,190.39
"Shelby, IN",18145,412.64
"Spencer, IN",18147,398.69
"Starke, IN",18149,309.31
"Steuben, IN",18151,308.72
"Sullivan, IN",18153,447.2
"Switzerland, IN",18155,221.18
"Tippecanoe, IN",18157,499.79
"Tipton, IN",18159,260.39
"Union, IN",18161,161.55
"Vanderburgh, IN",18163,234.57
"Vermillion, IN",18165,256.89
"Vigo, IN",18167,403.29
"Wabash, IN",18169,413.17
"Warren, IN",18171,364.88
"Warrick, IN",18173,384.07
"Washington, IN",18175,514.42
"Wayne, IN",18177,403.57
"Wells, IN",18179,369.96
"White, IN",18181,505.24
"Whitley, IN",18183,335.52
IOWA,19000,55869.36
"Adair, IA",19001,569.3
"Adams, IA",19003,423.54
"Allamakee, IA",19005,639.56
"Appanoose, IA",19007,496.25
"Audubon, IA",19009,443.13
"Benton, IA",19011,716.39
"Black Hawk, IA",19013,567.11
"Boone, IA",19015,571.46
"Bremer, IA",19017,437.9
"Buchanan, IA",19019,571.26
"Buena Vista, IA",19021,574.78
"Butler, IA",19023,580.38
"Calhoun, IA",19025,570.15
"Carroll, IA",19027,569.31
"Cass, IA",19029,564.33
"Cedar, IA",19031,579.52
"Cerro Gordo, IA",19033,568.33
"Cherokee, IA",19035,577.15
"Chickasaw, IA",19037,504.64
"Clarke, IA",19039,431.12
"Clay, IA",19041,568.89
"Clayton, IA",19043,778.81
"Clinton, IA",19045,694.98
"Crawford, IA",19047,714.36
"Dallas, IA",19049,586.47
"Davis, IA",19051,503.24
"Decatur, IA",19053,531.8
"Delaware, IA",19055,577.85
"Des Moines, IA",19057,416.15
"Dickinson, IA",19059,381.06
"Dubuque, IA",19061,608.16
"Emmet, IA",19063,395.74
"Fayette, IA",19065,730.92
"Floyd, IA",19067,500.56
"Franklin, IA",19069,582.44
"Fremont, IA",19071,511.08
"Greene, IA",19073,568.41
"Grundy, IA",19075,502.51
"Guthrie, IA",19077,590.6
"Hamilton, IA",19079,576.68
"Hancock, IA",19081,571.11
"Hardin, IA",19083,569.26
"Harrison, IA",19085,696.72
"Henry, IA",19087,434.44
"Howard, IA",19089,473.4
"Humboldt, IA",19091,434.41
"Ida, IA",19093,431.71
"Iowa, IA",19095,586.45
"Jackson, IA",19097,636.09
"Jasper, IA",19099,729.99
"Jefferson, IA",19101,435.34
"Johnson, IA",19103,614.48
"Jones, IA",19105,575.31
"Keokuk, IA",19107,579.19
"Kossuth, IA",19109,973.01
"Lee, IA",19111,517.39
"Linn, IA",19113,717.44
"Louisa, IA",19115,401.92
"Lucas, IA",19117,430.55
"Lyon, IA",19119,587.5
"Madison, IA",19121,561.14
"Mahaska, IA",19123,570.87
"Marion, IA",19125,554.21
"Marshall, IA",19127,572.32
"Mills, IA",19129,436.53
"Mitchell, IA",19131,468.92
"Monona, IA",19133,693.12
"Monroe, IA",19135,433.41
"Montgomery, IA",19137,423.88
"Muscatine, IA",19139,438.67
"O'Brien, IA",19141,573.08
"Osceola, IA",19143,398.77
"Page, IA",19145,534.82
"Palo Alto, IA",19147,563.83
"Plymouth, IA",19149,863.56
"Pocahontas, IA",19151,577.7
"Polk, IA",19153,569.35
"Pottawattamie, IA",19155,954.26
"Poweshiek, IA",19157,585.03
"Ringgold, IA",19159,537.67
"Sac, IA",19161,575.82
"Scott, IA",19163,457.93
"Shelby, IA",19165,590.83
"Sioux, IA",19167,767.88
"Story, IA",19169,572.86
"Tama, IA",19171,721.3
"Taylor, IA",19173,533.95
"Union, IA",19175,424.39
"Van Buren, IA",19177,484.82
"Wapello, IA",19179,431.81
"Warren, IA",19181,571.64
"Washington, IA",19183,568.71
"Wayne, IA",19185,525.6
"Webster, IA",19187,715.23
"Winnebago, IA",19189,400.47
"Winneshiek, IA",19191,689.61
"Woodbury, IA",19193,872.59
"Worth, IA",19195,400
"Wright, IA",19197,580.72
KANSAS,20000,81814.88
"Allen, KS",20001,503.01
"Anderson, KS",20003,582.92
"Atchison, KS",20005,432.34
"Barber, KS",20007,1134.11
"Barton, KS",20009,894
"Bourbon, KS",20011,637.09
"Brown, KS",20013,570.67
"Butler, KS",20015,1427.85
"Chase, KS",20017,775.89
"Chautauqua, KS",20019,641.69
"Cherokee, KS",20021,587.12
"Cheyenne, KS",20023,1019.88
"Clark, KS",20025,974.68
"Clay, KS",20027,643.84
"Cloud, KS",20029,715.63
"Coffey, KS",20031,629.75
"Comanche, KS",20033,788.31
"Cowley, KS",20035,1126.24
"Crawford, KS",20037,592.91
"Decatur, KS",20039,893.55
"Dickinson, KS",20041,847.92
"Doniphan, KS",20043,392.18
"Douglas, KS",20045,456.87
"Edwards, KS",20047,622.02
"Elk, KS",20049,647.29
"Ellis, KS",20051,899.97
"Ellsworth, KS",20053,715.91
"Finney, KS",20055,1301.77
"Ford, KS",20057,1098.5
"Franklin, KS",20059,573.85
"Geary, KS",20061,384.69
"Gove, KS",20063,1071.38
"Graham, KS",20065,898.29
"Grant, KS",20067,574.86
"Gray, KS",20069,868.9
"Greeley, KS",20071,778.01
"Greenwood, KS",20073,1139.67
"Hamilton, KS",20075,996.49
"Harper, KS",20077,801.44
"Harvey, KS",20079,539.33
"Haskell, KS",20081,577.37
"Hodgeman, KS",20083,859.92
"Jackson, KS",20085,655.59
"Jefferson, KS",20087,536.11
"Jewell, KS",20089,909.18
"Johnson, KS",20091,476.78
"Kearny, KS",20093,871.06
"Kingman, KS",20095,863.35
"Kiowa, KS",20097,722.39
"Labette, KS",20099,648.82
"Lane, KS",20101,717.22
"Leavenworth, KS",20103,463.27
"Lincoln, KS",20105,718.87
"Linn, KS",20107,598.67
"Logan, KS",20109,1072.99
"Lyon, KS",20111,850.87
"McPherson, KS",20113,899.71
"Marion, KS",20115,943.11
"Marshall, KS",20117,902.53
"Meade, KS",20119,978.42
"Miami, KS",20121,576.72
"Mitchell, KS",20123,699.82
"Montgomery, KS",20125,645.2
"Morris, KS",20127,697.38
"Morton, KS",20129,729.92
"Nemaha, KS",20131,717.99
"Neosho, KS",20133,571.75
"Ness, KS",20135,1074.75
"Norton, KS",20137,877.84
"Osage, KS",20139,703.5
"Osborne, KS",20141,892.39
"Ottawa, KS",20143,721.11
"Pawnee, KS",20145,754.17
"Phillips, KS",20147,886.23
"Pottawatomie, KS",20149,844.24
"Pratt, KS",20151,734.99
"Rawlins, KS",20153,1069.62
"Reno, KS",20155,1254.42
"Republic, KS",20157,716.38
"Rice, KS",20159,726.58
"Riley, KS",20161,609.55
"Rooks, KS",20163,888.34
"Rush, KS",20165,718.21
"Russell, KS",20167,884.68
"Saline, KS",20169,719.61
"Scott, KS",20171,717.52
"Sedgwick, KS",20173,999.38
"Seward, KS",20175,639.52
"Shawnee, KS",20177,549.82
"Sheridan, KS",20179,896.36
"Sherman, KS",20181,1055.8
"Smith, KS",20183,895.43
"Stafford, KS",20185,792.05
"Stanton, KS",20187,680
"Stevens, KS",20189,727.53
"Sumner, KS",20191,1181.81
"Thomas, KS",20193,1074.78
"Trego, KS",20195,888.29
"Wabaunsee, KS",20197,797.38
"Wallace, KS",20199,913.99
"Washington, KS",20201,898.46
"Wichita, KS",20203,718.52
"Wilson, KS",20205,573.81
"Woodson, KS",20207,500.61
"Wyandotte, KS",20209,151.39
KENTUCKY,21000,39728.18
"Adair, KY",21001,406.84
"Allen, KY",21003,346.12
"Anderson, KY",21005,202.67
"Ballard, KY",21007,251.16
"Barren, KY",21009,490.97
"Bath, KY",21011,279.46
"Bell, KY",21013,360.77
"Boone, KY",21015,246.26
"Bourbon, KY",21017,291.43
"Boyd, KY",21019,160.17
"Boyle, KY",21021,181.9
"Bracken, KY",21023,203.22
"Breathitt, KY",21025,495.19
"Breckinridge, KY",21027,572.41
"Bullitt, KY",21029,299.08
"Butler, KY",21031,428.08
"Caldwell, KY",21033,346.98
"Calloway, KY",21035,386.25
"Campbell, KY",21037,151.55
"Carlisle, KY",21039,192.49
"Carroll, KY",21041,130.09
"Carter, KY",21043,410.6
"Casey, KY",21045,445.61
"Christian, KY",21047,721.32
"Clark, KY",21049,254.31
"Clay, KY",21051,471.01
"Clinton, KY",21053,197.46
"Crittenden, KY",21055,362.14
"Cumberland, KY",21057,305.82
"Daviess, KY",21059,462.39
"Edmonson, KY",21061,302.62
"Elliott, KY",21063,233.96
"Estill, KY",21065,253.93
"Fayette, KY",21067,284.52
"Fleming, KY",21069,350.84
"Floyd, KY",21071,394.29
"Franklin, KY",21073,210.46
"Fulton, KY",21075,208.95
"Gallatin, KY",21077,98.81
"Garrard, KY",21079,231.21
"Grant, KY",21081,259.93
"Graves, KY",21083,555.59
"Grayson, KY",21085,503.68
"Green, KY",21087,288.66
"Greenup, KY",21089,346.11
"Hancock, KY",21091,188.8
"Hardin, KY",21093,627.98
"Harlan, KY",21095,467.2
"Harrison, KY",21097,309.68
"Hart, KY",21099,415.93
"Henderson, KY",21101,440.12
"Henry, KY",21103,289.32
"Hickman, KY",21105,244.44
"Hopkins, KY",21107,550.56
"Jackson, KY",21109,346.33
"Jefferson, KY",21111,385.09
"Jessamine, KY",21113,173.13
"Johnson, KY",21115,261.54
"Kenton, KY",21117,161.97
"Knott, KY",21119,352.19
"Knox, KY",21121,387.66
"Larue, KY",21123,263.2
"Laurel, KY",21125,435.67
"Lawrence, KY",21127,418.78
"Lee, KY",21129,209.86
"Leslie, KY",21131,404.03
"Letcher, KY",21133,339.04
"Lewis, KY",21135,484.49
"Lincoln, KY",21137,336.26
"Livingston, KY",21139,316.08
"Logan, KY",21141,555.68
"Lyon, KY",21143,215.7
"McCracken, KY",21145,251.02
"McCreary, KY",21147,427.7
"McLean, KY",21149,254.3
"Madison, KY",21151,440.68
"Magoffin, KY",21153,309.44
"Marion, KY",21155,346.39
"Marshall, KY",21157,304.89
"Martin, KY",21159,230.7
"Mason, KY",21161,241.11
"Meade, KY",21163,308.51
"Menifee, KY",21165,203.9
"Mercer, KY",21167,250.92
"Metcalfe, KY",21169,290.9
"Monroe, KY",21171,330.81
"Montgomery, KY",21173,198.59
"Morgan, KY",21175,381.26
"Muhlenberg, KY",21177,474.72
"Nelson, KY",21179,422.63
"Nicholas, KY",21181,196.61
"Ohio, KY",21183,593.79
"Oldham, KY",21185,189.19
"Owen, KY",21187,352.14
"Owsley, KY",21189,198.09
"Pendleton, KY",21191,280.54
"Perry, KY",21193,342.15
"Pike, KY",21195,787.69
"Powell, KY",21197,180.14
"Pulaski, KY",21199,661.6
"Robertson, KY",21201,100.07
"Rockcastle, KY",21203,317.53
"Rowan, KY",21205,280.82
"Russell, KY",21207,253.53
"Scott, KY",21209,284.72
"Shelby, KY",21211,384.19
"Simpson, KY",21213,236.19
"Spencer, KY",21215,185.9
"Taylor, KY",21217,269.83
"Todd, KY",21219,376.35
"Trigg, KY",21221,443.12
"Trimble, KY",21223,148.85
"Union, KY",21225,345.1
"Warren, KY",21227,545.21
"Washington, KY",21229,300.59
"Wayne, KY",21231,459.4
"Webster, KY",21233,334.75
"Whitley, KY",21235,440.15
"Wolfe, KY",21237,222.78
"Woodford, KY",21239,190.68
LOUISIANA,22000,43561.85
"Acadia, LA",22001,655.28
"Allen, LA",22003,764.5
"Ascension, LA",22005,291.53
"Assumption, LA",22007,338.68
"Avoyelles, LA",22009,832.44
"Beauregard, LA",22011,1160.09
"Bienville, LA",22013,810.64
"Bossier, LA",22015,839.25
"Caddo, LA",22017,881.99
"Calcasieu, LA",22019,1071.12
"Caldwell, LA",22021,529.42
"Cameron, LA",22023,1312.96
"Catahoula, LA",22025,703.65
"Claiborne, LA",22027,754.65
"Concordia, LA",22029,695.91
"De Soto, LA",22031,877.2
"East Baton Rouge, LA",22033,455.43
"East Carroll, LA",22035,421.44
"East Feliciana, LA",22037,453.4
"Evangeline, LA",22039,664.27
"Franklin, LA",22041,623.61
"Grant, LA",22043,645.11
"Iberia, LA",22045,575.13
"Iberville, LA",22047,618.64
"Jackson, LA",22049,569.75
"Jefferson, LA",22051,306.52
"Jefferson Davis, LA",22053,652.31
"Lafayette, LA",22055,269.83
"Lafourche, LA",22057,1084.68
"La Salle, LA",22059,623.83
"Lincoln, LA",22061,471.38
"Livingston, LA",22063,648.02
"Madison, LA",22065,624.09
"Morehouse, LA",22067,794.25
"Natchitoches, LA",22069,1255.45
"Orleans, LA",22071,180.56
"Ouachita, LA",22073,610.53
"Plaquemines, LA",22075,844.56
"Pointe Coupee, LA",22077,557.34
"Rapides, LA",22079,1322.54
"Red River, LA",22081,389.29
"Richland, LA",22083,558.45
"Sabine, LA",22085,865.27
"St. Bernard, LA",22087,465.04
"St. Charles, LA",22089,283.64
"St. Helena, LA",22091,408.36
"St. James, LA",22093,246.13
"St. John the Baptist, LA",22095,218.9
"St. Landry, LA",22097,928.65
"St. Martin, LA",22099,739.85
"St. Mary, LA",22101,612.79
"St. Tammany, LA",22103,854.15
"Tangipahoa, LA",22105,790.24
"Tensas, LA",22107,602.48
"Terrebonne, LA",22109,1254.93
"Union, LA",22111,877.6
"Vermilion, LA",22113,1173.78
"Vernon, LA",22115,1328.41
"Washington, LA",22117,669.57
"Webster, LA",22119,595.22
"West Baton Rouge, LA",22121,191.2
"West Carroll, LA",22123,359.4
"West Feliciana, LA",22125,406
"Winn, LA",22127,950.49
MAINE,23000,30861.55
"Androscoggin, ME",23001,470.27
"Aroostook, ME",23003,6671.54
"Cumberland, ME",23005,835.51
"Franklin, ME",23007,1697.81
"Hancock, ME",23009,1587.7
"Kennebec, ME",23011,867.58
"Knox, ME",23013,365.67
"Lincoln, ME",23015,455.99
"Oxford, ME",23017,2078
"Penobscot, ME",23019,3395.73
"Piscataquis, ME",23021,3966.22
"Sagadahoc, ME",23023,253.9
"Somerset, ME",23025,3926.5
"Waldo, ME",23027,729.73
"Washington, ME",23029,2568.48
"York, ME",23031,990.92
MARYLAND,24000,9773.82
"Allegany, MD",24001,425.42
"Anne Arundel, MD",24003,415.94
"Baltimore, MD",24005,598.59
"Calvert, MD",24009,215.17
"Caroline, MD",24011,320.14
"Carroll, MD",24013,449.13
"Cecil, MD",24015,348.13
"Charles, MD",24017,461
"Dorchester, MD",24019,557.54
"Frederick, MD",24021,662.88
"Garrett, MD",24023,647.96
"Harford, MD",24025,440.35
"Howard, MD",24027,252.04
"Kent, MD",24029,279.43
"Montgomery, MD",24031,495.52
"Prince George's, MD",24033,485.43
"Queen Anne's, MD",24035,372.21
"St. Mary's, MD",24037,361.25
"Somerset, MD",24039,327.21
"Talbot, MD",24041,269.14
"Washington, MD",24043,458.14
"Wicomico, MD",24045,377.17
"Worcester, MD",24047,473.24
"Baltimore city, MD",24510,80.8
MASSACHUSETTS,25000,7840.02
"Barnstable, MA",25001,395.51
"Berkshire, MA",25003,931.32
"Bristol, MA",25005,556
"Dukes, MA",25007,103.78
"Essex, MA",25009,500.67
"Franklin, MA",25011,702.03
"Hampden, MA",25013,618.4
"Hampshire, MA",25015,529.03
"Middlesex, MA",25017,823.46
"Nantucket, MA",25019,47.81
"Norfolk, MA",25021,399.58
"Plymouth, MA",25023,660.85
"Suffolk, MA",25025,58.52
"Worcester, MA",25027,1513.06
MICHIGAN,26000,56803.82
"Alcona, MI",26001,674.43
"Alger, MI",26003,917.83
"Allegan, MI",26005,827.46
"Alpena, MI",26007,574.15
"Antrim, MI",26009,476.94
"Arenac, MI",26011,366.84
"Baraga, MI",26013,904
"Barry, MI",26015,556.14
"Bay, MI",26017,444.25
"Benzie, MI",26019,321.31
"Berrien, MI",26021,571
"Branch, MI",26023,507.41
"Calhoun, MI",26025,708.72
"Cass, MI",26027,492.18
"Charlevoix, MI",26029,416.84
"Cheboygan, MI",26031,715.6
"Chippewa, MI",26033,1561.06
"Clare, MI",26035,566.8
"Clinton, MI",26037,571.46
"Crawford, MI",26039,558.12
"Delta, MI",26041,1170.03
"Dickinson, MI",26043,766.34
"Eaton, MI",26045,576.41
"Emmet, MI",26047,467.82
"Genesee, MI",26049,639.64
"Gladwin, MI",26051,506.8
"Gogebic, MI",26053,1101.86
"Grand Traverse, MI",26055,465.07
"Gratiot, MI",26057,570.13
"Hillsdale, MI",26059,598.84
"Houghton, MI",26061,1011.72
"Huron, MI",26063,836.52
"Ingham, MI",26065,559.19
"Ionia, MI",26067,573.21
"Iosco, MI",26069,549.11
"Iron, MI",26071,1166.36
"Isabella, MI",26073,574.27
"Jackson, MI",26075,706.6
"Kalamazoo, MI",26077,561.86
"Kalkaska, MI",26079,561.02
"Kent, MI",26081,856.17
"Keweenaw, MI",26083,540.97
"Lake, MI",26085,567.44
"Lapeer, MI",26087,654.2
"Leelanau, MI",26089,348.47
"Lenawee, MI",26091,750.5
"Livingston, MI",26093,568.4
"Luce, MI",26095,903.08
"Mackinac, MI",26097,1021.58
"Macomb, MI",26099,480.44
"Manistee, MI",26101,543.61
"Marquette, MI",26103,1821.05
"Mason, MI",26105,495.17
"Mecosta, MI",26107,555.69
"Menominee, MI",26109,1043.52
"Midland, MI",26111,521.19
"Missaukee, MI",26113,566.75
"Monroe, MI",26115,551.1
"Montcalm, MI",26117,708.04
"Montmorency, MI",26119,547.63
"Muskegon, MI",26121,509.12
"Newaygo, MI",26123,842.37
"Oakland, MI",26125,872.51
"Oceana, MI",26127,540.46
"Ogemaw, MI",26129,564.3
"Ontonagon, MI",26131,1311.53
"Osceola, MI",26133,565.98
"Oscoda, MI",26135,565
"Otsego, MI",26137,514.54
"Ottawa, MI",26139,565.65
"Presque Isle, MI",26141,660.07
"Roscommon, MI",26143,521.4
"Saginaw, MI",26145,808.93
"St. Clair, MI",26147,724.37
"St. Joseph, MI",26149,503.72
"Sanilac, MI",26151,963.8
"Schoolcraft, MI",26153,1178.11
"Shiawassee, MI",26155,538.73
"Tuscola, MI",26157,812.43
"Van Buren, MI",26159,610.86
"Washtenaw, MI",26161,709.94
"Wayne, MI",26163,614.15
"Wexford, MI",26165,565.49
MINNESOTA,27000,79610.08
"Aitkin, MN",27001,1819.3
"Anoka, MN",27003,423.61
"Becker, MN",27005,1310.42
"Beltrami, MN",27007,2505.27
"Benton, MN",27009,408.28
"Big Stone, MN",27011,496.95
"Blue Earth, MN",27013,752.36
"Brown, MN",27015,610.86
"Carlton, MN",27017,860.33
"Carver, MN",27019,357.04
"Cass, MN",27021,2017.6
"Chippewa, MN",27023,582.8
"Chisago, MN",27025,417.63
"Clay, MN",27027,1045.24
"Clearwater, MN",27029,994.71
"Cook, MN",27031,1450.6
"Cottonwood, MN",27033,639.99
"Crow Wing, MN",27035,996.57
"Dakota, MN",27037,569.58
"Dodge, MN",27039,439.5
"Douglas, MN",27041,634.32
"Faribault, MN",27043,713.63
"Fillmore, MN",27045,861.25
"Freeborn, MN",27047,707.64
"Goodhue, MN",27049,758.27
"Grant, MN",27051,546.41
"Hennepin, MN",27053,556.62
"Houston, MN",27055,558.41
"Hubbard, MN",27057,922.46
"Isanti, MN",27059,439.07
"Itasca, MN",27061,2665.06
"Jackson, MN",27063,701.69
"Kanabec, MN",27065,524.93
"Kandiyohi, MN",27067,796.06
"Kittson, MN",27069,1097.08
"Koochiching, MN",27071,3102.36
"Lac qui Parle, MN",27073,764.87
"Lake, MN",27075,2099.16
"Lake of the Woods, MN",27077,1296.7
"Le Sueur, MN",27079,448.5
"Lincoln, MN",27081,537.03
"Lyon, MN",27083,714.17
"McLeod, MN",27085,491.91
"Mahnomen, MN",27087,556.14
"Marshall, MN",27089,1772.24
"Martin, MN",27091,709.34
"Meeker, MN",27093,608.54
"Mille Lacs, MN",27095,574.47
"Morrison, MN",27097,1124.5
"Mower, MN",27099,711.5
"Murray, MN",27101,704.43
"Nicollet, MN",27103,452.29
"Nobles, MN",27105,715.39
"Norman, MN",27107,876.27
"Olmsted, MN",27109,653.01
"Otter Tail, MN",27111,1979.71
"Pennington, MN",27113,616.54
"Pine, MN",27115,1411.04
"Pipestone, MN",27117,465.89
"Polk, MN",27119,1970.37
"Pope, MN",27121,670.14
"Ramsey, MN",27123,155.78
"Red Lake, MN",27125,432.43
"Redwood, MN",27127,879.73
"Renville, MN",27129,982.92
"Rice, MN",27131,497.57
"Rock, MN",27133,482.61
"Roseau, MN",27135,1662.51
"St. Louis, MN",27137,6225.16
"Scott, MN",27139,356.68
"Sherburne, MN",27141,436.3
"Sibley, MN",27143,588.65
"Stearns, MN",27145,1344.52
"Steele, MN",27147,429.55
"Stevens, MN",27149,562.06
"Swift, MN",27151,743.53
"Todd, MN",27153,942.02
"Traverse, MN",27155,574.09
"Wabasha, MN",27157,525.01
"Wadena, MN",27159,535.02
"Waseca, MN",27161,423.25
"Washington, MN",27163,391.7
"Watonwan, MN",27165,434.51
"Wilkin, MN",27167,751.43
"Winona, MN",27169,626.3
"Wright, MN",27171,660.75
"Yellow Medicine, MN",27173,757.96
MISSISSIPPI,28000,46906.96
"Adams, MS",28001,460.26
"Alcorn, MS",28003,399.89
"Amite, MS",28005,729.6
"Attala, MS",28007,735.13
"Benton, MS",28009,406.79
"Bolivar, MS",28011,876.28
"Calhoun, MS",28013,586.54
"Carroll, MS",28015,627.73
"Chickasaw, MS",28017,501.56
"Choctaw, MS",28019,419.1
"Claiborne, MS",28021,486.77
"Clarke, MS",28023,691.27
"Clay, MS",28025,408.56
"Coahoma, MS",28027,554.15
"Copiah, MS",28029,776.6
"Covington, MS",28031,413.79
"DeSoto, MS",28033,477.86
"Forrest, MS",28035,466.58
"Franklin, MS",28037,564.6
"George, MS",28039,478.29
"Greene, MS",28041,712.82
"Grenada, MS",28043,421.79
"Hancock, MS",28045,476.88
"Harrison, MS",28047,580.98
"Hinds, MS",28049,869.18
"Holmes, MS",28051,756
"Humphreys, MS",28053,418.09
"Issaquena, MS",28055,413.06
"Itawamba, MS",28057,532.31
"Jackson, MS",28059,726.9
"Jasper, MS",28061,676
"Jefferson, MS",28063,519.39
"Jefferson Davis, MS",28065,408.41
"Jones, MS",28067,693.82
"Kemper, MS",28069,766.13
"Lafayette, MS",28071,631.11
"Lamar, MS",28073,497.07
"Lauderdale, MS",28075,703.51
"Lawrence, MS",28077,430.63
"Leake, MS",28079,582.71
"Lee, MS",28081,449.59
"Leflore, MS",28083,591.93
"Lincoln, MS",28085,585.71
"Lowndes, MS",28087,502.3
"Madison, MS",28089,717.11
"Marion, MS",28091,542.34
"Marshall, MS",28093,706.33
"Monroe, MS",28095,764.17
"Montgomery, MS",28097,406.85
"Neshoba, MS",28099,570
"Newton, MS",28101,578.03
"Noxubee, MS",28103,694.79
"Oktibbeha, MS",28105,457.71
"Panola, MS",28107,684.2
"Pearl River, MS",28109,811.33
"Perry, MS",28111,647.18
"Pike, MS",28113,408.89
"Pontotoc, MS",28115,497.35
"Prentiss, MS",28117,414.93
"Quitman, MS",28119,404.84
"Rankin, MS",28121,774.52
"Scott, MS",28123,609.08
"Sharkey, MS",28125,427.71
"Simpson, MS",28127,588.73
"Smith, MS",28129,635.89
"Stone, MS",28131,445.37
"Sunflower, MS",28133,693.79
"Tallahatchie, MS",28135,643.92
"Tate, MS",28137,404.48
"Tippah, MS",28139,457.91
"Tishomingo, MS",28141,424.12
"Tunica, MS",28143,454.81
"Union, MS",28145,415.43
"Walthall, MS",28147,403.82
"Warren, MS",28149,586.61
"Washington, MS",28151,723.99
"Wayne, MS",28153,810.32
"Webster, MS",28155,422.49
"Wilkinson, MS",28157,676.7
"Winston, MS",28159,606.97
"Yalobusha, MS",28161,467.12
"Yazoo, MS",28163,919.48
MISSOURI,29000,68885.93
"Adair, MO",29001,567
"Andrew, MO",29003,435.18
"Atchison, MO",29005,544.72
"Audrain, MO",29007,693.1
"Barry, MO",29009,779.06
"Barton, MO",29011,594.25
"Bates, MO",29013,848.47
"Benton, MO",29015,705.51
"Bollinger, MO",29017,620.74
"Boone, MO",29019,685.43
"Buchanan, MO",29021,409.73
"Butler, MO",29023,697.54
"Caldwell, MO",29025,429.34
"Callaway, MO",29027,838.84
"Camden, MO",29029,655.14
"Cape Girardeau, MO",29031,578.62
"Carroll, MO",29033,694.72
"Carter, MO",29035,507.58
"Cass, MO",29037,698.99
"Cedar, MO",29039,475.93
"Chariton, MO",29041,755.87
"Christian, MO",29043,563.16
"Clark, MO",29045,507.31
"Clay, MO",29047,396.35
"Clinton, MO",29049,418.76
"Cole, MO",29051,391.44
"Cooper, MO",29053,565.03
"Crawford, MO",29055,742.52
"Dade, MO",29057,490.34
"Dallas, MO",29059,541.54
"Daviess, MO",29061,566.97
"DeKalb, MO",29063,424.2
"Dent, MO",29065,753.54
"Douglas, MO",29067,814.53
"Dunklin, MO",29069,545.62
"Franklin, MO",29071,922.81
"Gasconade, MO",29073,520.67
"Gentry, MO",29075,491.52
"Greene, MO",29077,674.97
"Grundy, MO",29079,435.82
"Harrison, MO",29081,725.13
"Henry, MO",29083,702.48
"Hickory, MO",29085,398.63
"Holt, MO",29087,461.87
"Howard, MO",29089,465.74
"Howell, MO",29091,927.74
"Iron, MO",29093,551.34
"Jackson, MO",29095,604.84
"Jasper, MO",29097,639.73
"Jefferson, MO",29099,656.8
"Johnson, MO",29101,830.44
"Knox, MO",29103,505.71
"Laclede, MO",29105,765.85
"Lafayette, MO",29107,629.31
"Lawrence, MO",29109,613.08
"Lewis, MO",29111,505.01
"Lincoln, MO",29113,630.49
"Linn, MO",29115,620.35
"Livingston, MO",29117,534.52
"McDonald, MO",29119,539.51
"Macon, MO",29121,803.77
"Madison, MO",29123,496.73
"Maries, MO",29125,527.73
"Marion, MO",29127,438.07
"Mercer, MO",29129,454.18
"Miller, MO",29131,592.26
"Mississippi, MO",29133,413.16
"Moniteau, MO",29135,416.52
"Monroe, MO",29137,645.98
"Montgomery, MO",29139,537.46
"Morgan, MO",29141,597.41
"New Madrid, MO",29143,678.01
"Newton, MO",29145,626.42
"Nodaway, MO",29147,876.62
"Oregon, MO",29149,791.4
"Osage, MO",29151,606.11
"Ozark, MO",29153,742.15
"Pemiscot, MO",29155,493.08
"Perry, MO",29157,474.67
"Pettis, MO",29159,684.82
"Phelps, MO",29161,672.85
"Pike, MO",29163,672.82
"Platte, MO",29165,420.33
"Polk, MO",29167,637.2
"Pulaski, MO",29169,547.02
"Putnam, MO",29171,517.9
"Ralls, MO",29173,471
"Randolph, MO",29175,482.32
"Ray, MO",29177,569.47
"Reynolds, MO",29179,811.2
"Ripley, MO",29181,629.47
"St. Charles, MO",29183,560.42
"St. Clair, MO",29185,676.66
"Ste. Genevieve, MO",29186,502.39
"St. Francois, MO",29187,449.46
"St. Louis, MO",29189,507.81
"Saline, MO",29195,755.55
"Schuyler, MO",29197,307.87
"Scotland, MO",29199,438.47
"Scott, MO",29201,421.01
"Shannon, MO",29203,1003.83
"Shelby, MO",29205,500.93
"Stoddard, MO",29207,827.12
"Stone, MO",29209,463.22
"Sullivan, MO",29211,650.95
"Taney, MO",29213,632.36
"Texas, MO",29215,1178.54
"Vernon, MO",29217,833.95
"Warren, MO",29219,431.31
"Washington, MO",29221,759.59
"Wayne, MO",29223,761.03
"Webster, MO",29225,593.32
"Worth, MO",29227,266.52
"Wright, MO",29229,682.13
"St. Louis city, MO",29510,61.92
MONTANA,30000,145552.43
"Beaverhead, MT",30001,5542.31
"Big Horn, MT",30003,4994.81
"Blaine, MT",30005,4226.18
"Broadwater, MT",30007,1191.35
"Carbon, MT",30009,2047.99
"Carter, MT",30011,3339.57
"Cascade, MT",30013,2697.9
"Chouteau, MT",30015,3973.24
"Custer, MT",30017,3783.13
"Daniels, MT",30019,1426.09
"Dawson, MT",30021,2373.14
"Deer Lodge, MT",30023,736.98
"Fallon, MT",30025,1620.33
"Fergus, MT",30027,4339.17
"Flathead, MT",30029,5098.34
"Gallatin, MT",30031,2605.84
"Garfield, MT",30033,4668.06
"Glacier, MT",30035,2994.72
"Golden Valley, MT",30037,1175.3
"Granite, MT",30039,1727.44
"Hill, MT",30041,2896.36
"Jefferson, MT",30043,1656.64
"Judith Basin, MT",30045,1869.85
"Lake, MT",30047,1493.77
"Lewis and Clark, MT",30049,3460.96
"Liberty, MT",30051,1429.76
"Lincoln, MT",30053,3612.67
"McCone, MT",30055,2642.53
"Madison, MT",30057,3586.54
"Meagher, MT",30059,2391.82
"Mineral, MT",30061,1219.82
"Missoula, MT",30063,2597.97
"Musselshell, MT",30065,1867.15
"Park, MT",30067,2802.41
"Petroleum, MT",30069,1653.9
"Phillips, MT",30071,5139.57
"Pondera, MT",30073,1624.7
"Powder River, MT",30075,3297.18
"Powell, MT",30077,2325.94
"Prairie, MT",30079,1736.55
"Ravalli, MT",30081,2394.21
"Richland, MT",30083,2084.09
"Roosevelt, MT",30085,2355.6
"Rosebud, MT",30087,5012.37
"Sanders, MT",30089,2762.17
"Sheridan, MT",30091,1676.58
"Silver Bow, MT",30093,718.31
"Stillwater, MT",30095,1795.09
"Sweet Grass, MT",30097,1855.08
"Teton, MT",30099,2272.61
"Toole, MT",30101,1910.95
"Treasure, MT",30103,978.86
"Valley, MT",30105,4921
"Wheatland, MT",30107,1423.09
"Wibaux, MT",30109,889.31
"Yellowstone, MT",30111,2635.15
"Yellowstone National Park, MT",30113,0
NEBRASKA,31000,76872.41
"Adams, NE",31001,563.41
"Antelope, NE",31003,857.06
"Arthur, NE",31005,715.37
"Banner, NE",31007,746.22
"Blaine, NE",31009,710.74
"Boone, NE",31011,686.69
"Box Butte, NE",31013,1075.29
"Boyd, NE",31015,540.05
"Brown, NE",31017,1221.28
"Buffalo, NE",31019,967.99
"Burt, NE",31021,492.77
"Butler, NE",31023,583.59
"Cass, NE",31025,559.18
"Cedar, NE",31027,740.23
"Chase, NE",31029,894.5
"Cherry, NE",31031,5960.52
"Cheyenne, NE",31033,1196.34
"Clay, NE",31035,573.03
"Colfax, NE",31037,413.14
"Cuming, NE",31039,572
"Custer, NE",31041,2575.71
"Dakota, NE",31043,263.8
"Dawes, NE",31045,1396.24
"Dawson, NE",31047,1012.92
"Deuel, NE",31049,439.89
"Dixon, NE",31051,476.39
"Dodge, NE",31053,534.39
"Douglas, NE",31055,330.98
"Dundy, NE",31057,919.86
"Fillmore, NE",31059,576.46
"Franklin, NE",31061,575.92
"Frontier, NE",31063,974.55
"Furnas, NE",31065,718.09
"Gage, NE",31067,855.29
"Garden, NE",31069,1704.4
"Garfield, NE",31071,570.03
"Gosper, NE",31073,458.18
"Grant, NE",31075,776.22
"Greeley, NE",31077,569.85
"Hall, NE",31079,546.4
"Hamilton, NE",31081,543.68
"Harlan, NE",31083,552.78
"Hayes, NE",31085,713.11
"Hitchcock, NE",31087,710.03
"Holt, NE",31089,2412.66
"Hooker, NE",31091,721.17
"Howard, NE",31093,569.47
"Jefferson, NE",31095,573.01
"Johnson, NE",31097,376.13
"Kearney, NE",31099,516.03
"Keith, NE",31101,1061.26
"Keya Paha, NE",31103,773.29
"Kimball, NE",31105,951.72
"Knox, NE",31107,1108.12
"Lancaster, NE",31109,838.88
"Lincoln, NE",31111,2563.98
"Logan, NE",31113,570.68
"Loup, NE",31115,569.71
"McPherson, NE",31117,858.98
"Madison, NE",31119,572.57
"Merrick, NE",31121,484.88
"Morrill, NE",31123,1423.75
"Nance, NE",31125,441.32
"Nemaha, NE",31127,409.3
"Nuckolls, NE",31129,575.3
"Otoe, NE",31131,615.69
"Pawnee, NE",31133,431.57
"Perkins, NE",31135,883.18
"Phelps, NE",31137,539.97
"Pierce, NE",31139,573.93
"Platte, NE",31141,678.07
"Polk, NE",31143,438.84
"Red Willow, NE",31145,716.65
"Richardson, NE",31147,553.26
"Rock, NE",31149,1008.46
"Saline, NE",31151,575.34
"Sarpy, NE",31153,240.52
"Saunders, NE",31155,753.9
"Scotts Bluff, NE",31157,739.27
"Seward, NE",31159,574.75
"Sheridan, NE",31161,2441.04
"Sherman, NE",31163,565.84
"Sioux, NE",31165,2066.59
"Stanton, NE",31167,429.83
"Thayer, NE",31169,574.55
"Thomas, NE",31171,712.86
"Thurston, NE",31173,393.81
"Valley, NE",31175,568.11
"Washington, NE",31177,390.49
"Wayne, NE",31179,443.43
"Webster, NE",31181,574.89
"Wheeler, NE",31183,575.17
"York, NE",31185,575.66
NEVADA,32000,109825.99
"Churchill, NV",32001,4929.08
"Clark, NV",32003,7910.34
"Douglas, NV",32005,709.85
"Elko, NV",32007,17179.03
"Esmeralda, NV",32009,3588.5
"Eureka, NV",32011,4175.68
"Humboldt, NV",32013,9647.91
"Lander, NV",32015,5493.63
"Lincoln, NV",32017,10633.61
"Lyon, NV",32019,1993.69
"Mineral, NV",32021,3756.4
"Nye, NV",32023,18146.66
"Pershing, NV",32027,6036.56
"Storey, NV",32029,263.45
"Washoe, NV",32031,6342.27
"White Pine, NV",32033,8875.98
"Carson City city, NV",32510,143.35
NEW HAMPSHIRE,33000,8968.1
"Belknap, NH",33001,401.29
"Carroll, NH",33003,933.8
"Cheshire, NH",33005,707.4
"Coos, NH",33007,1800.39
"Grafton, NH",33009,1713.33
"Hillsborough, NH",33011,876.36
"Merrimack, NH",33013,934.43
"Rockingham, NH",33015,694.96
"Strafford, NH",33017,368.76
"Sullivan, NH",33019,537.38
NEW JERSEY,34000,7417.34
"Atlantic, NJ",34001,561.07
"Bergen, NJ",34003,234.17
"Burlington, NJ",34005,804.57
"Camden, NJ",34007,222.3
"Cape May, NJ",34009,255.19
"Cumberland, NJ",34011,489.3
"Essex, NJ",34013,126.27
"Gloucester, NJ",34015,324.72
"Hudson, NJ",34017,46.69
"Hunterdon, NJ",34019,429.94
"Mercer, NJ",34021,225.93
"Middlesex, NJ",34023,309.72
"Monmouth, NJ",34025,471.94
"Morris, NJ",34027,468.99
"Ocean, NJ",34029,636.28
"Passaic, NJ",34031,185.29
"Salem, NJ",34033,337.88
"Somerset, NJ",34035,304.69
"Sussex, NJ",34037,521.26
"Union, NJ",34039,103.29
"Warren, NJ",34041,357.87
NEW MEXICO,35000,121355.53
"Bernalillo, NM",35001,1166.03
"Catron, NM",35003,6927.81
"Chaves, NM",35005,6070.86
"Cibola, NM",35006,4539.21
"Colfax, NM",35007,3756.79
"Curry, NM",35009,1405.95
"De Baca, NM",35011,2324.87
"Dona Ana, NM",35013,3807.18
"Eddy, NM",35015,4182.02
"Grant, NM",35017,3965.88
"Guadalupe, NM",35019,3030.37
"Harding, NM",35021,2125.34
"Hidalgo, NM",35023,3445.63
"Lea, NM",35025,4392.96
"Lincoln, NM",35027,4830.97
"Los Alamos, NM",35028,109.35
"Luna, NM",35029,2965.09
"McKinley, NM",35031,5448.72
"Mora, NM",35033,1931.1
"Otero, NM",35035,6626.5
"Quay, NM",35037,2874.93
"Rio Arriba, NM",35039,5857.63
"Roosevelt, NM",35041,2448.5
"Sandoval, NM",35043,3709.34
"San Juan, NM",35045,5514.02
"San Miguel, NM",35047,4717.04
"Santa Fe, NM",35049,1909.19
"Sierra, NM",35051,4180.23
"Socorro, NM",35053,6646.4
"Taos, NM",35055,2203.17
"Torrance, NM",35057,3344.81
"Union, NM",35059,3830
"Valencia, NM",35061,1067.63
NEW YORK,36000,47213.79
"Albany, NY",36001,523.45
"Allegany, NY",36003,1030.22
"Bronx, NY",36005,42.03
"Broome, NY",36007,706.82
"Cattaraugus, NY",36009,1309.85
"Cayuga, NY",36011,693.18
"Chautauqua, NY",36013,1062.05
"Chemung, NY",36015,408.17
"Chenango, NY",36017,894.36
"Clinton, NY",36019,1038.95
"Columbia, NY",36021,635.73
"Cortland, NY",36023,499.65
"Delaware, NY",36025,1446.37
"Dutchess, NY",36027,801.59
"Erie, NY",36029,1044.21
"Essex, NY",36031,1796.8
"Franklin, NY",36033,1631.49
"Fulton, NY",36035,496.17
"Genesee, NY",36037,494.11
"Greene, NY",36039,647.75
"Hamilton, NY",36041,1720.39
"Herkimer, NY",36043,1411.25
"Jefferson, NY",36045,1272.2
"Kings, NY",36047,70.61
"Lewis, NY",36049,1275.42
"Livingston, NY",36051,632.13
"Madison, NY",36053,655.86
"Monroe, NY",36055,659.29
"Montgomery, NY",36057,404.82
"Nassau, NY",36059,286.69
"New York, NY",36061,22.96
"Niagara, NY",36063,522.95
"Oneida, NY",36065,1212.7
"Onondaga, NY",36067,780.29
"Ontario, NY",36069,644.38
"Orange, NY",36071,816.34
"Orleans, NY",36073,391.4
"Oswego, NY",36075,953.3
"Otsego, NY",36077,1002.8
"Putnam, NY",36079,231.28
"Queens, NY",36081,109.24
"Rensselaer, NY",36083,653.96
"Richmond, NY",36085,58.48
"Rockland, NY",36087,174.22
"St. Lawrence, NY",36089,2685.6
"Saratoga, NY",36091,811.84
"Schenectady, NY",36093,206.1
"Schoharie, NY",36095,622.02
"Schuyler, NY",36097,328.71
"Seneca, NY",36099,324.91
"Steuben, NY",36101,1392.64
"Suffolk, NY",36103,912.2
"Sullivan, NY",36105,969.71
"Tioga, NY",36107,518.69
"Tompkins, NY",36109,476.05
"Ulster, NY",36111,1126.48
"Warren, NY",36113,869.29
"Washington, NY",36115,835.44
"Wayne, NY",36117,604.21
"Westchester, NY",36119,432.82
"Wyoming, NY",36121,592.91
"Yates, NY",36123,338.24
NORTH CAROLINA,37000,48710.88
"Alamance, NC",37001,429.99
"Alexander, NC",37003,260.18
"Alleghany, NC",37005,234.65
"Anson, NC",37007,531.57
"Ashe, NC",37009,426.13
"Avery, NC",37011,247
"Beaufort, NC",37013,827.97
"Bertie, NC",37015,699.19
"Bladen, NC",37017,874.94
"Brunswick, NC",37019,854.79
"Buncombe, NC",37021,655.99
"Burke, NC",37023,506.72
"Cabarrus, NC",37025,364.39
"Caldwell, NC",37027,471.6
"Camden, NC",37029,240.68
"Carteret, NC",37031,519.84
"Caswell, NC",37033,424.67
"Catawba, NC",37035,399.97
"Chatham, NC",37037,682.85
"Cherokee, NC",37039,455.19
"Chowan, NC",37041,172.64
"Clay, NC",37043,214.7
"Cleveland, NC",37045,464.63
"Columbus, NC",37047,936.8
"Craven, NC",37049,708.43
"Cumberland, NC",37051,652.72
"Currituck, NC",37053,261.7
"Dare, NC",37055,383.58
"Davidson, NC",37057,552.15
"Davie, NC",37059,265.18
"Duplin, NC",37061,817.73
"Durham, NC",37063,290.32
"Edgecombe, NC",37065,505.03
"Forsyth, NC",37067,409.6
"Franklin, NC",37069,492.02
"Gaston, NC",37071,356.21
"Gates, NC",37073,340.61
"Graham, NC",37075,292.07
"Granville, NC",37077,531.12
"Greene, NC",37079,265.4
"Guilford, NC",37081,649.42
"Halifax, NC",37083,725.36
"Harnett, NC",37085,595.01
"Haywood, NC",37087,553.66
"Henderson, NC",37089,374
"Hertford, NC",37091,353.26
"Hoke, NC",37093,391.21
"Hyde, NC",37095,612.8
"Iredell, NC",37097,575.57
"Jackson, NC",37099,490.71
"Johnston, NC",37101,791.85
"Jones, NC",37103,471.88
"Lee, NC",37105,257.26
"Lenoir, NC",37107,399.85
"Lincoln, NC",37109,298.79
"McDowell, NC",37111,441.68
"Macon, NC",37113,516.47
"Madison, NC",37115,449.42
"Martin, NC",37117,461.17
"Mecklenburg, NC",37119,526.28
"Mitchell, NC",37121,221.43
"Montgomery, NC",37123,491.6
"Moore, NC",37125,697.74
"Nash, NC",37127,540.27
"New Hanover, NC",37129,198.93
"Northampton, NC",37131,536.48
"Onslow, NC",37133,766.82
"Orange, NC",37135,399.84
"Pamlico, NC",37137,336.94
"Pasquotank, NC",37139,226.88
"Pender, NC",37141,870.67
"Perquimans, NC",37143,247.17
"Person, NC",37145,392.31
"Pitt, NC",37147,651.58
"Polk, NC",37149,237.85
"Randolph, NC",37151,787.36
"Richmond, NC",37153,473.98
"Robeson, NC",37155,948.84
"Rockingham, NC",37157,566.44
"Rowan, NC",37159,511.31
"Rutherford, NC",37161,564.12
"Sampson, NC",37163,945.45
"Scotland, NC",37165,319.14
"Stanly, NC",37167,395.06
"Stokes, NC",37169,451.84
"Surry, NC",37171,536.52
"Swain, NC",37173,528.1
"Transylvania, NC",37175,378.39
"Tyrrell, NC",37177,389.91
"Union, NC",37179,637.37
"Vance, NC",37181,253.52
"Wake, NC",37183,831.92
"Warren, NC",37185,428.7
"Washington, NC",37187,348.46
"Watauga, NC",37189,312.51
"Wayne, NC",37191,552.57
"Wilkes, NC",37193,757.19
"Wilson, NC",37195,371.09
"Yadkin, NC",37197,335.55
"Yancey, NC",37199,312.45
NORTH DAKOTA,38000,68975.93
"Adams, ND",38001,987.91
"Barnes, ND",38003,1491.65
"Benson, ND",38005,1380.6
"Billings, ND",38007,1151.41
"Bottineau, ND",38009,1668.59
"Bowman, ND",38011,1162.05
"Burke, ND",38013,1103.53
"Burleigh, ND",38015,1633.09
"Cass, ND",38017,1765.23
"Cavalier, ND",38019,1488.46
"Dickey, ND",38021,1131
"Divide, ND",38023,1259.53
"Dunn, ND",38025,2009.6
"Eddy, ND",38027,630.12
"Emmons, ND",38029,1509.88
"Foster, ND",38031,635.2
"Golden Valley, ND",38033,1001.99
"Grand Forks, ND",38035,1437.81
"Grant, ND",38037,1659.46
"Griggs, ND",38039,708.5
"Hettinger, ND",38041,1132.25
"Kidder, ND",38043,1350.79
"LaMoure, ND",38045,1147.18
"Logan, ND",38047,992.64
"McHenry, ND",38049,1874.09
"McIntosh, ND",38051,975.19
"McKenzie, ND",38053,2742.02
"McLean, ND",38055,2109.95
"Mercer, ND",38057,1045.49
"Morton, ND",38059,1926.27
"Mountrail, ND",38061,1823.93
"Nelson, ND",38063,981.62
"Oliver, ND",38065,723.52
"Pembina, ND",38067,1118.75
"Pierce, ND",38069,1017.82
"Ramsey, ND",38071,1184.85
"Ransom, ND",38073,862.75
"Renville, ND",38075,874.77
"Richland, ND",38077,1436.71
"Rolette, ND",38079,902.45
"Sargent, ND",38081,858.75
"Sheridan, ND",38083,971.75
"Sioux, ND",38085,1094.12
"Slope, ND",38087,1217.94
"Stark, ND",38089,1338.16
"Steele, ND",38091,712.36
"Stutsman, ND",38093,2221.4
"Towner, ND",38095,1024.55
"Traill, ND",38097,861.89
"Walsh, ND",38099,1281.74
"Ward, ND",38101,2012.88
"Wells, ND",38103,1271.28
"Williams, ND",38105,2070.46
OHIO,39000,40948.38
"Adams, OH",39001,583.91
"Allen, OH",39003,404.43
"Ashland, OH",39005,424.37
"Ashtabula, OH",39007,702.44
"Athens, OH",39009,506.76
"Auglaize, OH",39011,401.25
"Belmont, OH",39013,537.35
"Brown, OH",39015,491.76
"Butler, OH",39017,467.27
"Carroll, OH",39019,394.67
"Champaign, OH",39021,428.56
"Clark, OH",39023,399.86
"Clermont, OH",39025,451.99
"Clinton, OH",39027,410.88
"Columbiana, OH",39029,532.46
"Coshocton, OH",39031,564.07
"Crawford, OH",39033,402.11
"Cuyahoga, OH",39035,458.49
"Darke, OH",39037,599.8
"Defiance, OH",39039,411.16
"Delaware, OH",39041,442.41
"Erie, OH",39043,254.88
"Fairfield, OH",39045,505.11
"Fayette, OH",39047,406.58
"Franklin, OH",39049,539.87
"Fulton, OH",39051,406.78
"Gallia, OH",39053,468.78
"Geauga, OH",39055,403.66
"Greene, OH",39057,414.88
"Guernsey, OH",39059,521.9
"Hamilton, OH",39061,407.36
"Hancock, OH",39063,531.35
"Hardin, OH",39065,470.29
"Harrison, OH",39067,403.53
"Henry, OH",39069,416.5
"Highland, OH",39071,553.28
"Hocking, OH",39073,422.75
"Holmes, OH",39075,422.99
"Huron, OH",39077,492.69
"Jackson, OH",39079,420.28
"Jefferson, OH",39081,409.61
"Knox, OH",39083,527.12
"Lake, OH",39085,228.21
"Lawrence, OH",39087,454.96
"Licking, OH",39089,686.5
"Logan, OH",39091,458.44
"Lorain, OH",39093,492.5
"Lucas, OH",39095,340.46
"Madison, OH",39097,465.44
"Mahoning, OH",39099,415.25
"Marion, OH",39101,403.84
"Medina, OH",39103,421.55
"Meigs, OH",39105,429.42
"Mercer, OH",39107,463.27
"Miami, OH",39109,407.04
"Monroe, OH",39111,455.54
"Montgomery, OH",39113,461.68
"Morgan, OH",39115,417.66
"Morrow, OH",39117,406.22
"Muskingum, OH",39119,664.63
"Noble, OH",39121,399
"Ottawa, OH",39123,254.95
"Paulding, OH",39125,416.26
"Perry, OH",39127,409.78
"Pickaway, OH",39129,501.91
"Pike, OH",39131,441.49
"Portage, OH",39133,492.39
"Preble, OH",39135,424.8
"Putnam, OH",39137,483.87
"Richland, OH",39139,496.88
"Ross, OH",39141,688.41
"Sandusky, OH",39143,409.18
"Scioto, OH",39145,612.27
"Seneca, OH",39147,550.59
"Shelby, OH",39149,409.27
"Stark, OH",39151,576.14
"Summit, OH",39153,412.72
"Trumbull, OH",39155,616.48
"Tuscarawas, OH",39157,567.58
"Union, OH",39159,436.65
"Van Wert, OH",39161,410.09
"Vinton, OH",39163,414.08
"Warren, OH",39165,399.63
"Washington, OH",39167,635.15
"Wayne, OH",39169,555.36
"Williams, OH",39171,421.74
"Wood, OH",39173,617.32
"Wyandot, OH",39175,405.61
OKLAHOMA,40000,68667.06
"Adair, OK",40001,575.67
"Alfalfa, OK",40003,866.65
"Atoka, OK",40005,978.29
"Beaver, OK",40007,1814.36
"Beckham, OK",40009,901.83
"Blaine, OK",40011,928.43
"Bryan, OK",40013,908.8
"Caddo, OK",40015,1278.33
"Canadian, OK",40017,899.71
"Carter, OK",40019,823.79
"Cherokee, OK",40021,751.04
"Choctaw, OK",40023,773.93
"Cimarron, OK",40025,1835.04
"Cleveland, OK",40027,536.11
"Coal, OK",40029,518.22
"Comanche, OK",40031,1069.35
"Cotton, OK",40033,636.64
"Craig, OK",40035,761.03
"Creek, OK",40037,955.53
"Custer, OK",40039,986.51
"Delaware, OK",40041,740.65
"Dewey, OK",40043,1000.13
"Ellis, OK",40045,1229.14
"Garfield, OK",40047,1058.39
"Garvin, OK",40049,807.49
"Grady, OK",40051,1100.96
"Grant, OK",40053,1000.56
"Greer, OK",40055,639.36
"Harmon, OK",40057,537.82
"Harper, OK",40059,1039
"Haskell, OK",40061,577.03
"Hughes, OK",40063,806.73
"Jackson, OK",40065,802.68
"Jefferson, OK",40067,758.75
"Johnston, OK",40069,644.5
"Kay, OK",40071,918.7
"Kingfisher, OK",40073,903
"Kiowa, OK",40075,1014.56
"Latimer, OK",40077,722.17
"Le Flore, OK",40079,1585.82
"Lincoln, OK",40081,957.74
"Logan, OK",40083,744.45
"Love, OK",40085,515.38
"McClain, OK",40087,569.67
"McCurtain, OK",40089,1852.26
"McIntosh, OK",40091,620.01
"Major, OK",40093,956.76
"Marshall, OK",40095,371.11
"Mayes, OK",40097,656.14
"Murray, OK",40099,418.25
"Muskogee, OK",40101,813.85
"Noble, OK",40103,731.9
"Nowata, OK",40105,564.95
"Okfuskee, OK",40107,624.76
"Oklahoma, OK",40109,709.09
"Okmulgee, OK",40111,696.97
"Osage, OK",40113,2250.8
"Ottawa, OK",40115,471.32
"Pawnee, OK",40117,569.44
"Payne, OK",40119,686.34
"Pittsburg, OK",40121,1305.94
"Pontotoc, OK",40123,719.64
"Pottawatomie, OK",40125,787.7
"Pushmataha, OK",40127,1397.31
"Roger Mills, OK",40129,1141.87
"Rogers, OK",40131,674.95
"Seminole, OK",40133,632.51
"Sequoyah, OK",40135,673.82
"Stephens, OK",40137,874.04
"Texas, OK",40139,2037.16
"Tillman, OK",40141,871.97
"Tulsa, OK",40143,570.3
"Wagoner, OK",40145,562.91
"Washington, OK",40147,416.82
"Washita, OK",40149,1003.35
"Woods, OK",40151,1286.57
"Woodward, OK",40153,1242.3
OREGON,41000,95996.79
"Baker, OR",41001,3068.12
"Benton, OR",41003,676.46
"Clackamas, OR",41005,1868.17
"Clatsop, OR",41007,827.23
"Columbia, OR",41009,656.72
"Coos, OR",41011,1600.48
"Crook, OR",41013,2979.38
"Curry, OR",41015,1627.38
"Deschutes, OR",41017,3018.15
"Douglas, OR",41019,5036.62
"Gilliam, OR",41021,1204.07
"Grant, OR",41023,4528.6
"Harney, OR",41025,10134.33
"Hood River, OR",41027,522.35
"Jackson, OR",41029,2785.19
"Jefferson, OR",41031,1780.78
"Josephine, OR",41033,1639.59
"Klamath, OR",41035,5944.19
"Lake, OR",41037,8135.75
"Lane, OR",41039,4554
"Lincoln, OR",41041,979.57
"Linn, OR",41043,2292.18
"Malheur, OR",41045,9887.09
"Marion, OR",41047,1183.95
"Morrow, OR",41049,2032.38
"Multnomah, OR",41051,435.23
"Polk, OR",41053,741.03
"Sherman, OR",41055,823.21
"Tillamook, OR",41057,1102.15
"Umatilla, OR",41059,3215.26
"Union, OR",41061,2036.55
"Wallowa, OR",41063,3145.34
"Wasco, OR",41065,2381.05
"Washington, OR",41067,723.75
"Wheeler, OR",41069,1714.92
"Yamhill, OR",41071,715.56
PENNSYLVANIA,42000,44816.61
"Adams, PA",42001,520.01
"Allegheny, PA",42003,730.17
"Armstrong, PA",42005,653.93
"Beaver, PA",42007,434.21
"Bedford, PA",42009,1014.51
"Berks, PA",42011,858.88
"Blair, PA",42013,525.8
"Bradford, PA",42015,1150.67
"Bucks, PA",42017,607.38
"Butler, PA",42019,788.53
"Cambria, PA",42021,688.02
"Cameron, PA",42023,397.16
"Carbon, PA",42025,381.04
"Centre, PA",42027,1107.53
"Chester, PA",42029,755.97
"Clarion, PA",42031,602.44
"Clearfield, PA",42033,1147.32
"Clinton, PA",42035,890.87
"Columbia, PA",42037,485.55
"Crawford, PA",42039,1012.72
"Cumberland, PA",42041,550.17
"Dauphin, PA",42043,525.29
"Delaware, PA",42045,184.21
"Elk, PA",42047,828.65
"Erie, PA",42049,801.95
"Fayette, PA",42051,790.14
"Forest, PA",42053,428.12
"Franklin, PA",42055,771.92
"Fulton, PA",42057,437.57
"Greene, PA",42059,575.86
"Huntingdon, PA",42061,874.05
"Indiana, PA",42063,829.27
"Jefferson, PA",42065,655.48
"Juniata, PA",42067,391.59
"Lackawanna, PA",42069,458.63
"Lancaster, PA",42071,949.06
"Lawrence, PA",42073,360.46
"Lebanon, PA",42075,361.86
"Lehigh, PA",42077,346.66
"Luzerne, PA",42079,890.81
"Lycoming, PA",42081,1234.85
"McKean, PA",42083,981.57
"Mercer, PA",42085,671.82
"Mifflin, PA",42087,411.86
"Monroe, PA",42089,608.5
"Montgomery, PA",42091,483.12
"Montour, PA",42093,130.75
"Northampton, PA",42095,373.8
"Northumberland, PA",42097,459.91
"Perry, PA",42099,553.52
"Philadelphia, PA",42101,135.09
"Pike, PA",42103,546.81
"Potter, PA",42105,1081.17
"Schuylkill, PA",42107,778.36
"Snyder, PA",42109,331.2
"Somerset, PA",42111,1074.66
"Sullivan, PA",42113,449.94
"Susquehanna, PA",42115,822.86
"Tioga, PA",42117,1133.73
"Union, PA",42119,316.73
"Venango, PA",42121,675.04
"Warren, PA",42123,883.45
"Washington, PA",42125,857.09
"Wayne, PA",42127,729.22
"Westmoreland, PA",42129,1025.48
"Wyoming, PA",42131,397.2
"York, PA",42133,904.45
RHODE ISLAND,44000,1044.93
"Bristol, RI",44001,24.68
"Kent, RI",44003,170.17
"Newport, RI",44005,104.05
"Providence, RI",44007,413.27
"Washington, RI",44009,332.75
SOUTH CAROLINA,45000,30109.47
"Abbeville, SC",45001,508.03
"Aiken, SC",45003,1072.66
"Allendale, SC",45005,408.2
"Anderson, SC",45007,718.02
"Bamberg, SC",45009,393.25
"Barnwell, SC",45011,548.41
"Beaufort, SC",45013,586.86
"Berkeley, SC",45015,1097.72
"Calhoun, SC",45017,380.22
"Charleston, SC",45019,918.51
"Cherokee, SC",45021,392.69
"Chester, SC",45023,580.52
"Chesterfield, SC",45025,798.6
"Clarendon, SC",45027,607.21
"Colleton, SC",45029,1056.36
"Darlington, SC",45031,561.14
"Dillon, SC",45033,404.84
"Dorchester, SC",45035,574.73
"Edgefield, SC",45037,501.89
"Fairfield, SC",45039,686.59
"Florence, SC",45041,799.84
"Georgetown, SC",45043,814.83
"Greenville, SC",45045,790.08
"Greenwood, SC",45047,455.52
"Hampton, SC",45049,559.78
"Horry, SC",45051,1133.68
"Jasper, SC",45053,656.12
"Kershaw, SC",45055,726.26
"Lancaster, SC",45057,548.99
"Laurens, SC",45059,715.11
"Lee, SC",45061,410.3
"Lexington, SC",45063,699.25
"McCormick, SC",45065,359.56
"Marion, SC",45067,489.06
"Marlboro, SC",45069,479.71
"Newberry, SC",45071,630.77
"Oconee, SC",45073,625.41
"Orangeburg, SC",45075,1106.16
"Pickens, SC",45077,496.89
"Richland, SC",45079,756.41
"Saluda, SC",45081,452.48
"Spartanburg, SC",45083,810.93
"Sumter, SC",45085,665.41
"Union, SC",45087,514.12
"Williamsburg, SC",45089,933.9
"York, SC",45091,682.45
SOUTH DAKOTA,46000,75884.64
"Aurora, SD",46003,708.18
"Beadle, SD",46005,1258.7
"Bennett, SD",46007,1185.29
"Bon Homme, SD",46009,563.34
"Brookings, SD",46011,794.46
"Brown, SD",46013,1713.07
"Brule, SD",46015,818.96
"Buffalo, SD",46017,470.59
"Butte, SD",46019,2248.51
"Campbell, SD",46021,735.79
"Charles Mix, SD",46023,1097.57
"Clark, SD",46025,957.92
"Clay, SD",46027,411.6
"Codington, SD",46029,687.67
"Corson, SD",46031,2472.93
"Custer, SD",46033,1557.69
"Davison, SD",46035,435.44
"Day, SD",46037,1028.57
"Deuel, SD",46039,623.55
"Dewey, SD",46041,2302.64
"Douglas, SD",46043,433.53
"Edmunds, SD",46045,1145.58
"Fall River, SD",46047,1739.86
"Faulk, SD",46049,1000.14
"Grant, SD",46051,682.51
"Gregory, SD",46053,1015.93
"Haakon, SD",46055,1812.97
"Hamlin, SD",46057,506.86
"Hand, SD",46059,1436.58
"Hanson, SD",46061,434.76
"Harding, SD",46063,2670.5
"Hughes, SD",46065,740.92
"Hutchinson, SD",46067,812.82
"Hyde, SD",46069,860.97
"Jackson, SD",46071,1869.13
"Jerauld, SD",46073,529.91
"Jones, SD",46075,970.52
"Kingsbury, SD",46077,838.37
"Lake, SD",46079,563.23
"Lawrence, SD",46081,800.04
"Lincoln, SD",46083,578.09
"Lyman, SD",46085,1639.96
"McCook, SD",46087,574.52
"McPherson, SD",46089,1136.94
"Marshall, SD",46091,837.71
"Meade, SD",46093,3470.63
"Mellette, SD",46095,1306.49
"Miner, SD",46097,570.34
"Minnehaha, SD",46099,809.67
"Moody, SD",46101,519.67
"Pennington, SD",46103,2776.15
"Perkins, SD",46105,2871.62
"Potter, SD",46107,866.49
"Roberts, SD",46109,1101.28
"Sanborn, SD",46111,569.01
"Shannon, SD",46113,2093.88
"Spink, SD",46115,1503.87
"Stanley, SD",46117,1443.28
"Sully, SD",46119,1006.9
"Todd, SD",46121,1388.12
"Tripp, SD",46123,1613.52
"Turner, SD",46125,616.82
"Union, SD",46127,460.38
"Walworth, SD",46129,707.81
"Yankton, SD",46135,521.55
"Ziebach, SD",46137,1962.33
TENNESSEE,47000,41217.12
"Anderson, TN",47001,337.51
"Bedford, TN",47003,473.67
"Benton, TN",47005,394.84
"Bledsoe, TN",47007,406.32
"Blount, TN",47009,558.56
"Bradley, TN",47011,328.72
"Campbell, TN",47013,480.07
"Cannon, TN",47015,265.64
"Carroll, TN",47017,599.02
"Carter, TN",47019,341.05
"Cheatham, TN",47021,302.66
"Chester, TN",47023,288.52
"Claiborne, TN",47025,434.28
"Clay, TN",47027,236.11
"Cocke, TN",47029,434.4
"Coffee, TN",47031,428.84
"Crockett, TN",47033,265.27
"Cumberland, TN",47035,681.61
"Davidson, TN",47037,502.26
"Decatur, TN",47039,333.9
"DeKalb, TN",47041,304.57
"Dickson, TN",47043,489.87
"Dyer, TN",47045,510.5
"Fayette, TN",47047,704.5
"Fentress, TN",47049,498.64
"Franklin, TN",47051,554.52
"Gibson, TN",47053,602.67
"Giles, TN",47055,610.93
"Grainger, TN",47057,280.33
"Greene, TN",47059,621.69
"Grundy, TN",47061,360.56
"Hamblen, TN",47063,161.03
"Hamilton, TN",47065,542.44
"Hancock, TN",47067,222.29
"Hardeman, TN",47069,667.55
"Hardin, TN",47071,577.86
"Hawkins, TN",47073,486.66
"Haywood, TN",47075,533.2
"Henderson, TN",47077,520.02
"Henry, TN",47079,561.68
"Hickman, TN",47081,612.52
"Houston, TN",47083,200.21
"Humphreys, TN",47085,532.22
"Jackson, TN",47087,308.88
"Jefferson, TN",47089,273.81
"Johnson, TN",47091,298.47
"Knox, TN",47093,508.46
"Lake, TN",47095,163.42
"Lauderdale, TN",47097,470.45
"Lawrence, TN",47099,617.17
"Lewis, TN",47101,282.09
"Lincoln, TN",47103,570.23
"Loudon, TN",47105,228.88
"McMinn, TN",47107,430.28
"McNairy, TN",47109,560.04
"Macon, TN",47111,307.13
"Madison, TN",47113,557
"Marion, TN",47115,498.36
"Marshall, TN",47117,375.36
"Maury, TN",47119,612.86
"Meigs, TN",47121,194.86
"Monroe, TN",47123,634.91
"Montgomery, TN",47125,539.28
"Moore, TN",47127,129.18
"Morgan, TN",47129,522.04
"Obion, TN",47131,544.91
"Overton, TN",47133,433.38
"Perry, TN",47135,414.89
"Pickett, TN",47137,162.92
"Polk, TN",47139,435.05
"Putnam, TN",47141,401.05
"Rhea, TN",47143,315.94
"Roane, TN",47145,360.98
"Robertson, TN",47147,476.47
"Rutherford, TN",47149,618.91
"Scott, TN",47151,532.09
"Sequatchie, TN",47153,265.85
"Sevier, TN",47155,592.29
"Shelby, TN",47157,754.53
"Smith, TN",47159,314.41
"Stewart, TN",47161,458.48
"Sullivan, TN",47163,413.02
"Sumner, TN",47165,529.3
"Tipton, TN",47167,459.37
"Trousdale, TN",47169,114.24
"Unicoi, TN",47171,186.14
"Union, TN",47173,223.56
"Van Buren, TN",47175,273.46
"Warren, TN",47177,432.69
"Washington, TN",47179,326.31
"Wayne, TN",47181,733.96
"Weakley, TN",47183,580.19
"White, TN",47185,376.58
"Williamson, TN",47187,582.68
"Wilson, TN",47189,570.57
TEXAS,48000,261797.12
"Anderson, TX",48001,1070.79
"Andrews, TX",48003,1500.64
"Angelina, TX",48005,801.56
"Aransas, TX",48007,251.86
"Archer, TX",48009,909.7
"Armstrong, TX",48011,913.63
"Atascosa, TX",48013,1232.12
"Austin, TX",48015,652.59
"Bailey, TX",48017,826.69
"Bandera, TX",48019,791.73
"Bastrop, TX",48021,888.35
"Baylor, TX",48023,870.77
"Bee, TX",48025,880.14
"Bell, TX",48027,1059.72
"Bexar, TX",48029,1246.82
"Blanco, TX",48031,711.24
"Borden, TX",48033,898.8
"Bosque, TX",48035,989.18
"Bowie, TX",48037,887.87
"Brazoria, TX",48039,1386.4
"Brazos, TX",48041,585.78
"Brewster, TX",48043,6192.61
"Briscoe, TX",48045,900.25
"Brooks, TX",48047,943.28
"Brown, TX",48049,943.85
"Burleson, TX",48051,665.54
"Burnet, TX",48053,996.04
"Caldwell, TX",48055,545.73
"Calhoun, TX",48057,512.31
"Callahan, TX",48059,898.62
"Cameron, TX",48061,905.76
"Camp, TX",48063,197.51
"Carson, TX",48065,923.19
"Cass, TX",48067,937.35
"Castro, TX",48069,898.31
"Chambers, TX",48071,599.31
"Cherokee, TX",48073,1052.22
"Childress, TX",48075,710.34
"Clay, TX",48077,1097.82
"Cochran, TX",48079,775.22
"Coke, TX",48081,898.81
"Coleman, TX",48083,1260.2
"Collin, TX",48085,847.56
"Collingsworth, TX",48087,918.8
"Colorado, TX",48089,962.95
"Comal, TX",48091,561.45
"Comanche, TX",48093,937.69
"Concho, TX",48095,991.45
"Cooke, TX",48097,873.64
"Coryell, TX",48099,1051.76
"Cottle, TX",48101,901.18
"Crane, TX",48103,785.56
"Crockett, TX",48105,2807.42
"Crosby, TX",48107,899.51
"Culberson, TX",48109,3812.46
"Dallam, TX",48111,1504.69
"Dallas, TX",48113,879.6
"Dawson, TX",48115,902.06
"Deaf Smith, TX",48117,1497.34
"Delta, TX",48119,277.08
"Denton, TX",48121,888.54
"DeWitt, TX",48123,909.18
"Dickens, TX",48125,904.21
"Dimmit, TX",48127,1330.91
"Donley, TX",48129,929.77
"Duval, TX",48131,1792.71
"Eastland, TX",48133,926.01
"Ector, TX",48135,901.06
"Edwards, TX",48137,2119.75
"Ellis, TX",48139,939.91
"El Paso, TX",48141,1013.11
"Erath, TX",48143,1086.33
"Falls, TX",48145,769.09
"Fannin, TX",48147,891.45
"Fayette, TX",48149,950.03
"Fisher, TX",48151,901.16
"Floyd, TX",48153,992.19
"Foard, TX",48155,706.68
"Fort Bend, TX",48157,874.64
"Franklin, TX",48159,285.66
"Freestone, TX",48161,877.43
"Frio, TX",48163,1133.02
"Gaines, TX",48165,1502.35
"Galveston, TX",48167,398.47
"Garza, TX",48169,895.56
"Gillespie, TX",48171,1061.06
"Glasscock, TX",48173,900.75
"Goliad, TX",48175,853.52
"Gonzales, TX",48177,1067.75
"Gray, TX",48179,928.28
"Grayson, TX",48181,933.51
"Gregg, TX",48183,274.03
"Grimes, TX",48185,793.6
"Guadalupe, TX",48187,711.14
"Hale, TX",48189,1004.65
"Hall, TX",48191,903.09
"Hamilton, TX",48193,835.71
"Hansford, TX",48195,919.8
"Hardeman, TX",48197,695.38
"Hardin, TX",48199,894.33
"Harris, TX",48201,1728.83
"Harrison, TX",48203,898.71
"Hartley, TX",48205,1462.25
"Haskell, TX",48207,902.97
"Hays, TX",48209,677.87
"Hemphill, TX",48211,909.68
"Henderson, TX",48213,874.24
"Hidalgo, TX",48215,1569.75
"Hill, TX",48217,962.36
"Hockley, TX",48219,908.28
"Hood, TX",48221,421.61
"Hopkins, TX",48223,782.4
"Houston, TX",48225,1230.89
"Howard, TX",48227,902.84
"Hudspeth, TX",48229,4571
"Hunt, TX",48231,841.16
"Hutchinson, TX",48233,887.37
"Irion, TX",48235,1051.48
"Jack, TX",48237,916.61
"Jackson, TX",48239,829.49
"Jasper, TX",48241,937.4
"Jeff Davis, TX",48243,2264.43
"Jefferson, TX",48245,903.55
"Jim Hogg, TX",48247,1136.11
"Jim Wells, TX",48249,864.52
"Johnson, TX",48251,729.42
"Jones, TX",48253,930.99
"Karnes, TX",48255,750.32
"Kaufman, TX",48257,786.04
"Kendall, TX",48259,662.44
"Kenedy, TX",48261,1456.77
"Kent, TX",48263,902.33
"Kerr, TX",48265,1106.12
"Kimble, TX",48267,1250.7
"King, TX",48269,912.29
"Kinney, TX",48271,1363.44
"Kleberg, TX",48273,870.97
"Knox, TX",48275,849
"Lamar, TX",48277,916.81
"Lamb, TX",48279,1016.21
"Lampasas, TX",48281,712.04
"La Salle, TX",48283,1488.85
"Lavaca, TX",48285,969.9
"Lee, TX",48287,628.5
"Leon, TX",48289,1072.04
"Liberty, TX",48291,1159.68
"Limestone, TX",48293,908.88
"Lipscomb, TX",48295,932.11
"Live Oak, TX",48297,1036.3
"Llano, TX",48299,934.76
"Loving, TX",48301,673.08
"Lubbock, TX",48303,899.49
"Lynn, TX",48305,891.88
"McCulloch, TX",48307,1069.31
"McLennan, TX",48309,1041.88
"McMullen, TX",48311,1113
"Madison, TX",48313,469.65
"Marion, TX",48315,381.21
"Martin, TX",48317,914.78
"Mason, TX",48319,932.07
"Matagorda, TX",48321,1114.46
"Maverick, TX",48323,1280.08
"Medina, TX",48325,1327.76
"Menard, TX",48327,901.91
"Midland, TX",48329,900.25
"Milam, TX",48331,1016.71
"Mills, TX",48333,748.11
"Mitchell, TX",48335,910.04
"Montague, TX",48337,930.66
"Montgomery, TX",48339,1044.03
"Moore, TX",48341,899.66
"Morris, TX",48343,254.51
"Motley, TX",48345,989.38
"Nacogdoches, TX",48347,946.77
"Navarro, TX",48349,1007.66
"Newton, TX",48351,932.69
"Nolan, TX",48353,911.98
"Nueces, TX",48355,835.82
"Ochiltree, TX",48357,917.56
"Oldham, TX",48359,1500.63
"Orange, TX",48361,356.4
"Palo Pinto, TX",48363,952.93
"Panola, TX",48365,800.92
"Parker, TX",48367,903.51
"Parmer, TX",48369,881.66
"Pecos, TX",48371,4763.66
"Polk, TX",48373,1057.26
"Potter, TX",48375,909.24
"Presidio, TX",48377,3855.51
"Rains, TX",48379,232.05
"Randall, TX",48381,914.43
"Reagan, TX",48383,1175.3
"Real, TX",48385,699.91
"Red River, TX",48387,1050.18
"Reeves, TX",48389,2635.88
"Refugio, TX",48391,770.21
"Roberts, TX",48393,924.09
"Robertson, TX",48395,854.56
"Rockwall, TX",48397,128.79
"Runnels, TX",48399,1050.73
"Rusk, TX",48401,923.55
"Sabine, TX",48403,490.27
"San Augustine, TX",48405,527.87
"San Jacinto, TX",48407,570.65
"San Patricio, TX",48409,691.65
"San Saba, TX",48411,1134.47
"Schleicher, TX",48413,1310.61
"Scurry, TX",48415,902.5
"Shackelford, TX",48417,913.95
"Shelby, TX",48419,794.11
"Sherman, TX",48421,923.03
"Smith, TX",48423,928.38
"Somervell, TX",48425,187.17
"Starr, TX",48427,1223.02
"Stephens, TX",48429,894.64
"Sterling, TX",48431,923.36
"Stonewall, TX",48433,918.67
"Sutton, TX",48435,1453.76
"Swisher, TX",48437,900.43
"Tarrant, TX",48439,863.42
"Taylor, TX",48441,915.63
"Terrell, TX",48443,2357.72
"Terry, TX",48445,889.88
"Throckmorton, TX",48447,912.34
"Titus, TX",48449,410.54
"Tom Green, TX",48451,1522.1
"Travis, TX",48453,989.3
"Trinity, TX",48455,692.84
"Tyler, TX",48457,922.9
"Upshur, TX",48459,587.64
"Upton, TX",48461,1241.68
"Uvalde, TX",48463,1556.55
"Val Verde, TX",48465,3170.38
"Van Zandt, TX",48467,848.64
"Victoria, TX",48469,882.5
"Walker, TX",48471,787.45
"Waller, TX",48473,513.63
"Ward, TX",48475,835.49
"Washington, TX",48477,609.22
"Webb, TX",48479,3356.83
"Wharton, TX",48481,1090.13
"Wheeler, TX",48483,914.26
"Wichita, TX",48485,627.66
"Wilbarger, TX",48487,971.06
"Willacy, TX",48489,596.68
"Williamson, TX",48491,1122.77
"Wilson, TX",48493,806.99
"Winkler, TX",48495,841.05
"Wise, TX",48497,904.61
"Wood, TX",48499,650.22
"Yoakum, TX",48501,799.75
"Young, TX",48503,922.33
"Zapata, TX",48505,996.76
"Zavala, TX",48507,1298.48
UTAH,49000,82143.65
"Beaver, UT",49001,2589.95
"Box Elder, UT",49003,5723.34
"Cache, UT",49005,1164.52
"Carbon, UT",49007,1478.46
"Daggett, UT",49009,698.36
"Davis, UT",49011,304.48
"Duchesne, UT",49013,3238.05
"Emery, UT",49015,4451.85
"Garfield, UT",49017,5174.22
"Grand, UT",49019,3681.56
"Iron, UT",49021,3297.98
"Juab, UT",49023,3391.74
"Kane, UT",49025,3991.96
"Millard, UT",49027,6589.13
"Morgan, UT",49029,609.13
"Piute, UT",49031,757.81
"Rich, UT",49033,1028.53
"Salt Lake, UT",49035,737.38
"San Juan, UT",49037,7820.18
"Sanpete, UT",49039,1588.11
"Sevier, UT",49041,1910.25
"Summit, UT",49043,1871.05
"Tooele, UT",49045,6930.35
"Uintah, UT",49047,4477.07
"Utah, UT",49049,1998.33
"Wasatch, UT",49051,1177.39
"Washington, UT",49053,2426.62
"Wayne, UT",49055,2460.32
"Weber, UT",49057,575.54
VERMONT,50000,9249.56
"Addison, VT",50001,770.18
"Bennington, VT",50003,676.27
"Caledonia, VT",50005,650.59
"Chittenden, VT",50007,539.04
"Essex, VT",50009,665.2
"Franklin, VT",50011,637.07
"Grand Isle, VT",50013,82.62
"Lamoille, VT",50015,460.97
"Orange, VT",50017,688.56
"Orleans, VT",50019,697.7
"Rutland, VT",50021,932.53
"Washington, VT",50023,689.17
"Windham, VT",50025,788.72
"Windsor, VT",50027,970.96
VIRGINIA,51000,39594.07
"Accomack, VA",51001,455.24
"Albemarle, VA",51003,722.61
"Alleghany, VA",51005,444.63
"Amelia, VA",51007,356.8
"Amherst, VA",51009,475.18
"Appomattox, VA",51011,333.69
"Arlington, VA",51013,25.87
"Augusta, VA",51015,970.36
"Bath, VA",51017,531.86
"Bedford, VA",51019,754.5
"Bland, VA",51021,358.67
"Botetourt, VA",51023,542.66
"Brunswick, VA",51025,566.14
"Buchanan, VA",51027,503.88
"Buckingham, VA",51029,580.86
"Campbell, VA",51031,504.48
"Caroline, VA",51033,532.52
"Carroll, VA",51035,476.34
"Charles City, VA",51036,182.76
"Charlotte, VA",51037,474.99
"Chesterfield, VA",51041,425.75
"Clarke, VA",51043,176.62
"Craig, VA",51045,330.61
"Culpeper, VA",51047,381
"Cumberland, VA",51049,298.45
"Dickenson, VA",51051,331.71
"Dinwiddie, VA",51053,503.67
"Essex, VA",51057,257.77
"Fairfax, VA",51059,395.04
"Fauquier, VA",51061,649.7
"Floyd, VA",51063,381.22
"Fluvanna, VA",51065,287.37
"Franklin, VA",51067,692.08
"Frederick, VA",51069,414.63
"Giles, VA",51071,357.33
"Gloucester, VA",51073,216.61
"Goochland, VA",51075,284.43
"Grayson, VA",51077,442.64
"Greene, VA",51079,156.58
"Greensville, VA",51081,295.44
"Halifax, VA",51083,819.3
"Hanover, VA",51085,472.68
"Henrico, VA",51087,238.06
"Henry, VA",51089,382.35
"Highland, VA",51091,415.86
"Isle of Wight, VA",51093,315.87
"James City, VA",51095,142.92
"King and Queen, VA",51097,316.26
"King George, VA",51099,180
"King William, VA",51101,275.43
"Lancaster, VA",51103,133.14
"Lee, VA",51105,437.13
"Loudoun, VA",51107,519.85
"Louisa, VA",51109,497.14
"Lunenburg, VA",51111,431.7
"Madison, VA",51113,321.42
"Mathews, VA",51115,85.68
"Mecklenburg, VA",51117,623.93
"Middlesex, VA",51119,130.3
"Montgomery, VA",51121,388.22
"Nelson, VA",51125,472.35
"New Kent, VA",51127,209.55
"Northampton, VA",51131,207.37
"Northumberland, VA",51133,192.3
"Nottoway, VA",51135,314.65
"Orange, VA",51137,341.7
"Page, VA",51139,311.13
"Patrick, VA",51141,483.14
"Pittsylvania, VA",51143,970.76
"Powhatan, VA",51145,261.28
"Prince Edward, VA",51147,352.76
"Prince George, VA",51149,265.62
"Prince William, VA",51153,337.78
"Pulaski, VA",51155,320.57
"Rappahannock, VA",51157,266.57
"Richmond, VA",51159,191.46
"Roanoke, VA",51161,250.87
"Rockbridge, VA",51163,599.63
"Rockingham, VA",51165,851.15
"Russell, VA",51167,474.66
"Scott, VA",51169,536.58
"Shenandoah, VA",51171,512.2
"Smyth, VA",51173,452.09
"Southampton, VA",51175,599.56
"Spotsylvania, VA",51177,400.86
"Stafford, VA",51179,270.35
"Surry, VA",51181,279.09
"Sussex, VA",51183,490.73
"Tazewell, VA",51185,519.74
"Warren, VA",51187,213.7
"Washington, VA",51191,562.86
"Westmoreland, VA",51193,229.18
"Wise, VA",51195,404.04
"Wythe, VA",51197,463.24
"York, VA",51199,105.65
"Alexandria, VA",51510,15.18
"Bedford, VA",51515,6.89
"Bristol, VA",51520,12.9
"Buena Vista, VA",51530,6.83
"Charlottesville, VA",51540,10.26
"Chesapeake, VA",51550,340.72
"Clifton Forge, VA",51560,3.09
"Colonial Heights, VA",51570,7.48
"Covington, VA",51580,5.67
"Danville, VA",51590,43.06
"Emporia, VA",51595,6.89
"Fairfax, VA",51600,6.31
"Falls Church, VA",51610,1.99
"Franklin, VA",51620,8.35
"Fredericksburg, VA",51630,10.52
"Galax, VA",51640,8.23
"Hampton, VA",51650,51.78
"Harrisonburg, VA",51660,17.56
"Hopewell, VA",51670,10.24
"Lexington, VA",51678,2.49
"Lynchburg, VA",51680,49.39
"Manassas, VA",51683,9.93
"Manassas Park, VA",51685,2.49
"Martinsville, VA",51690,10.96
"Newport News, VA",51700,68.29
"Norfolk, VA",51710,53.73
"Norton, VA",51720,7.53
"Petersburg, VA",51730,22.88
"Poquoson, VA",51735,15.52
"Portsmouth, VA",51740,33.16
"Radford, VA",51750,9.82
"Richmond, VA",51760,60.07
"Roanoke, VA",51770,42.88
"Salem, VA",51775,14.59
"South Boston, VA",51780,0
"Staunton, VA",51790,19.71
"Suffolk, VA",51800,400.02
"Virginia Beach, VA",51810,248.29
"Waynesboro, VA",51820,15.36
"Williamsburg, VA",51830,8.54
"Winchester, VA",51840,9.33
WASHINGTON,53000,66544.06
"Adams, WA",53001,1924.96
"Asotin, WA",53003,635.34
"Benton, WA",53005,1703.09
"Chelan, WA",53007,2921.37
"Clallam, WA",53009,1739.45
"Clark, WA",53011,628.22
"Columbia, WA",53013,868.81
"Cowlitz, WA",53015,1138.64
"Douglas, WA",53017,1820.53
"Ferry, WA",53019,2203.98
"Franklin, WA",53021,1242.4
"Garfield, WA",53023,710.55
"Grant, WA",53025,2681.06
"Grays Harbor, WA",53027,1916.89
"Island, WA",53029,208.43
"Jefferson, WA",53031,1814.23
"King, WA",53033,2126.04
"Kitsap, WA",53035,395.97
"Kittitas, WA",53037,2297.19
"Klickitat, WA",53039,1872.37
"Lewis, WA",53041,2407.64
"Lincoln, WA",53043,2311.21
"Mason, WA",53045,961.06
"Okanogan, WA",53047,5268.07
"Pacific, WA",53049,932.97
"Pend Oreille, WA",53051,1400.27
"Pierce, WA",53053,1678.91
"San Juan, WA",53055,174.92
"Skagit, WA",53057,1735.14
"Skamania, WA",53059,1656.44
"Snohomish, WA",53061,2089.06
"Spokane, WA",53063,1763.64
"Stevens, WA",53065,2478.3
"Thurston, WA",53067,727.02
"Wahkiakum, WA",53069,264.24
"Walla Walla, WA",53071,1270.51
"Whatcom, WA",53073,2119.53
"Whitman, WA",53075,2159.37
"Yakima, WA",53077,4296.23
WEST VIRGINIA,54000,24077.73
"Barbour, WV",54001,340.79
"Berkeley, WV",54003,321.14
"Boone, WV",54005,502.98
"Braxton, WV",54007,513.48
"Brooke, WV",54009,88.85
"Cabell, WV",54011,281.59
"Calhoun, WV",54013,280.62
"Clay, WV",54015,342.4
"Doddridge, WV",54017,320.43
"Fayette, WV",54019,663.93
"Gilmer, WV",54021,340.05
"Grant, WV",54023,477.21
"Greenbrier, WV",54025,1021.26
"Hampshire, WV",54027,641.72
"Hancock, WV",54029,82.82
"Hardy, WV",54031,583.39
"Harrison, WV",54033,416.04
"Jackson, WV",54035,465.79
"Jefferson, WV",54037,209.53
"Kanawha, WV",54039,903.1
"Lewis, WV",54041,382.14
"Lincoln, WV",54043,437.43
"Logan, WV",54045,454.21
"McDowell, WV",54047,534.72
"Marion, WV",54049,309.69
"Marshall, WV",54051,306.99
"Mason, WV",54053,431.85
"Mercer, WV",54055,420.43
"Mineral, WV",54057,327.73
"Mingo, WV",54059,422.61
"Monongalia, WV",54061,361.16
"Monroe, WV",54063,473.37
"Morgan, WV",54065,228.98
"Nicholas, WV",54067,648.63
"Ohio, WV",54069,106.18
"Pendleton, WV",54071,697.87
"Pleasants, WV",54073,130.73
"Pocahontas, WV",54075,940.29
"Preston, WV",54077,648.32
"Putnam, WV",54079,346.23
"Raleigh, WV",54081,606.93
"Randolph, WV",54083,1039.72
"Ritchie, WV",54085,453.51
"Roane, WV",54087,483.57
"Summers, WV",54089,361.17
"Taylor, WV",54091,172.78
"Tucker, WV",54093,418.87
"Tyler, WV",54095,257.56
"Upshur, WV",54097,354.76
"Wayne, WV",54099,505.79
"Webster, WV",54101,555.97
"Wetzel, WV",54103,359.22
"Wirt, WV",54105,232.99
"Wood, WV",54107,367.29
"Wyoming, WV",54109,500.88
WISCONSIN,55000,54310.1
"Adams, WI",55001,647.74
"Ashland, WI",55003,1043.82
"Barron, WI",55005,862.84
"Bayfield, WI",55007,1476.25
"Brown, WI",55009,528.68
"Buffalo, WI",55011,684.47
"Burnett, WI",55013,821.52
"Calumet, WI",55015,319.84
"Chippewa, WI",55017,1010.43
"Clark, WI",55019,1215.64
"Columbia, WI",55021,773.79
"Crawford, WI",55023,572.69
"Dane, WI",55025,1201.89
"Dodge, WI",55027,882.28
"Door, WI",55029,482.72
"Douglas, WI",55031,1309.13
"Dunn, WI",55033,852.03
"Eau Claire, WI",55035,637.64
"Florence, WI",55037,488.03
"Fond du Lac, WI",55039,722.91
"Forest, WI",55041,1014.05
"Grant, WI",55043,1147.85
"Green, WI",55045,583.99
"Green Lake, WI",55047,354.28
"Iowa, WI",55049,762.67
"Iron, WI",55051,757.23
"Jackson, WI",55053,987.32
"Jefferson, WI",55055,557.01
"Juneau, WI",55057,767.61
"Kenosha, WI",55059,272.83
"Kewaunee, WI",55061,342.64
"La Crosse, WI",55063,452.74
"Lafayette, WI",55065,633.57
"Langlade, WI",55067,872.67
"Lincoln, WI",55069,883.3
"Manitowoc, WI",55071,591.53
"Marathon, WI",55073,1544.96
"Marinette, WI",55075,1401.76
"Marquette, WI",55077,455.49
"Menominee, WI",55078,357.96
"Milwaukee, WI",55079,241.56
"Monroe, WI",55081,900.77
"Oconto, WI",55083,997.97
"Oneida, WI",55085,1124.5
"Outagamie, WI",55087,640.34
"Ozaukee, WI",55089,231.95
"Pepin, WI",55091,232.28
"Pierce, WI",55093,576.49
"Polk, WI",55095,917.27
"Portage, WI",55097,806.31
"Price, WI",55099,1252.56
"Racine, WI",55101,333.1
"Richland, WI",55103,586.2
"Rock, WI",55105,720.47
"Rusk, WI",55107,913.13
"St. Croix, WI",55109,721.82
"Sauk, WI",55111,837.63
"Sawyer, WI",55113,1256.42
"Shawano, WI",55115,892.51
"Sheboygan, WI",55117,513.63
"Taylor, WI",55119,974.86
"Trempealeau, WI",55121,734.08
"Vernon, WI",55123,794.87
"Vilas, WI",55125,873.72
"Walworth, WI",55127,555.31
"Washburn, WI",55129,809.68
"Washington, WI",55131,430.82
"Waukesha, WI",55133,555.58
"Waupaca, WI",55135,751.09
"Waushara, WI",55137,626.03
"Winnebago, WI",55139,438.58
"Wood, WI",55141,792.78
WYOMING,56000,97100.4
"Albany, WY",56001,4272.75
"Big Horn, WY",56003,3136.99
"Campbell, WY",56005,4796.76
"Carbon, WY",56007,7896.14
"Converse, WY",56009,4254.72
"Crook, WY",56011,2858.59
"Fremont, WY",56013,9182.27
"Goshen, WY",56015,2225.32
"Hot Springs, WY",56017,2003.89
"Johnson, WY",56019,4166.28
"Laramie, WY",56021,2686.05
"Lincoln, WY",56023,4069.09
"Natrona, WY",56025,5339.88
"Niobrara, WY",56027,2625.81
"Park, WY",56029,6942.39
"Platte, WY",56031,2084.93
"Sheridan, WY",56033,2523.32
"Sublette, WY",56035,4882.57
"Sweetwater, WY",56037,10425.3
"Teton, WY",56039,4007.76
"Uinta, WY",56041,2081.66
"Washakie, WY",56043,2240.06
"Weston, WY",56045,2397.86
