Areaname,STCOU,PST045202D
UNITED STATES,00000,287803914
ALABAMA,01000,4472420
"Autauga, AL",01001,45157
"Baldwin, AL",01003,148141
"Barbour, AL",01005,29289
"Bibb, AL",01007,20983
"Blount, AL",01009,52775
"Bullock, AL",01011,11261
"Butler, AL",01013,20607
"Calhoun, AL",01015,110860
"Chambers, AL",01017,35952
"Cherokee, AL",01019,24143
"Chilton, AL",01021,40460
"Choctaw, AL",01023,15342
"Clarke, AL",01025,27273
"Clay, AL",01027,14173
"Cleburne, AL",01029,14376
"Coffee, AL",01031,43759
"Colbert, AL",01033,54594
"Conecuh, AL",01035,13699
"Coosa, AL",01037,11539
"Covington, AL",01039,36661
"Crenshaw, AL",01041,13580
"Cullman, AL",01043,77814
"Dale, AL",01045,49070
"Dallas, AL",01047,44944
"DeKalb, AL",01049,65545
"Elmore, AL",01051,68822
"Escambia, AL",01053,38319
"Etowah, AL",01055,102815
"Fayette, AL",01057,18244
"Franklin, AL",01059,30766
"Geneva, AL",01061,25458
"Greene, AL",01063,9840
"Hale, AL",01065,18047
"Henry, AL",01067,16326
"Houston, AL",01069,89849
"Jackson, AL",01071,53648
"Jefferson, AL",01073,659766
"Lamar, AL",01075,15317
"Lauderdale, AL",01077,86872
"Lawrence, AL",01079,34643
"Lee, AL",01081,118197
"Limestone, AL",01083,67108
"Lowndes, AL",01085,13459
"Macon, AL",01087,23651
"Madison, AL",01089,286037
"Marengo, AL",01091,22161
"Marion, AL",01093,30235
"Marshall, AL",01095,82922
"Mobile, AL",01097,398417
"Monroe, AL",01099,23803
"Montgomery, AL",01101,222936
"Morgan, AL",01103,111397
"Perry, AL",01105,11521
"Pickens, AL",01107,20708
"Pike, AL",01109,29279
"Randolph, AL",01111,22429
"Russell, AL",01113,49188
"St. Clair, AL",01115,67090
"Shelby, AL",01117,153918
"Sumter, AL",01119,14143
"Talladega, AL",01121,80247
"Tallapoosa, AL",01123,40947
"Tuscaloosa, AL",01125,166610
"Walker, AL",01127,70097
"Washington, AL",01129,17795
"Wilcox, AL",01131,12928
"Winston, AL",01133,24468
ALASKA,02000,642691
"Aleutians East, AK",02013,2640
"Aleutians West, AK",02016,5170
"Anchorage, AK",02020,268163
"Bethel, AK",02050,16541
"Bristol Bay, AK",02060,1136
"Denali, AK",02068,1860
"Dillingham, AK",02070,4951
"Fairbanks North Star, AK",02090,87329
"Haines, AK",02100,2301
"Hoonah-Angoon, AK",02105,2463
"Juneau, AK",02110,30717
"Kenai Peninsula, AK",02122,50822
"Ketchikan Gateway, AK",02130,13540
"Kodiak Island, AK",02150,13629
"Lake and Peninsula, AK",02164,1585
"Matanuska-Susitna, AK",02170,64540
"Nome, AK",02180,9185
"North Slope, AK",02185,7149
"Northwest Arctic, AK",02188,7234
"Petersburg, AK",02195,4087
"Prince of Wales-Hyder, AK",02198,5700
"Sitka, AK",02220,8847
"Skagway, AK",02230,854
"Southeast Fairbanks, AK",02240,5612
"Valdez-Cordova, AK",02261,10037
"Wade Hampton, AK",02270,7162
"Wrangell, AK",02275,2316
"Yakutat, AK",02282,749
"Yukon-Koyukuk, AK",02290,6372
ARIZONA,04000,5452108
"Apache, AZ",04001,67267
"Cochise, AZ",04003,119750
"Coconino, AZ",04005,120390
"Gila, AZ",04007,51225
"Graham, AZ",04009,33120
"Greenlee, AZ",04011,7706
"La Paz, AZ",04012,19346
"Maricopa, AZ",04013,3299127
"Mohave, AZ",04015,165177
"Navajo, AZ",04017,101358
"Pima, AZ",04019,886063
"Pinal, AZ",04021,197830
"Santa Cruz, AZ",04023,39288
"Yavapai, AZ",04025,178390
"Yuma, AZ",04027,166071
ARKANSAS,05000,2704732
"Arkansas, AR",05001,20263
"Ashley, AR",05003,23758
"Baxter, AR",05005,38642
"Benton, AR",05007,167038
"Boone, AR",05009,34432
"Bradley, AR",05011,12438
"Calhoun, AR",05013,5605
"Carroll, AR",05015,25984
"Chicot, AR",05017,13390
"Clark, AR",05019,23548
"Clay, AR",05021,16972
"Cleburne, AR",05023,24324
"Cleveland, AR",05025,8596
"Columbia, AR",05027,25171
"Conway, AR",05029,20297
"Craighead, AR",05031,83978
"Crawford, AR",05033,54698
"Crittenden, AR",05035,51166
"Cross, AR",05037,19254
"Dallas, AR",05039,8780
"Desha, AR",05041,14647
"Drew, AR",05043,18486
"Faulkner, AR",05045,90392
"Franklin, AR",05047,17829
"Fulton, AR",05049,11586
"Garland, AR",05051,90151
"Grant, AR",05053,16655
"Greene, AR",05055,38030
"Hempstead, AR",05057,23249
"Hot Spring, AR",05059,30391
"Howard, AR",05061,14221
"Independence, AR",05063,34138
"Izard, AR",05065,13109
"Jackson, AR",05067,17685
"Jefferson, AR",05069,82974
"Johnson, AR",05071,23226
"Lafayette, AR",05073,8192
"Lawrence, AR",05075,17573
"Lee, AR",05077,12120
"Lincoln, AR",05079,14424
"Little River, AR",05081,13351
"Logan, AR",05083,22422
"Lonoke, AR",05085,54974
"Madison, AR",05087,14207
"Marion, AR",05089,16094
"Miller, AR",05091,40987
"Mississippi, AR",05093,49877
"Monroe, AR",05095,9667
"Montgomery, AR",05097,9044
"Nevada, AR",05099,9701
"Newton, AR",05101,8506
"Ouachita, AR",05103,27607
"Perry, AR",05105,10338
"Phillips, AR",05107,24772
"Pike, AR",05109,11168
"Poinsett, AR",05111,25237
"Polk, AR",05113,20170
"Pope, AR",05115,55307
"Prairie, AR",05117,9380
"Pulaski, AR",05119,364933
"Randolph, AR",05121,18122
"St. Francis, AR",05123,28544
"Saline, AR",05125,85753
"Scott, AR",05127,10947
"Searcy, AR",05129,8109
"Sebastian, AR",05131,116828
"Sevier, AR",05133,15721
"Sharp, AR",05135,17351
"Stone, AR",05137,11529
"Union, AR",05139,45021
"Van Buren, AR",05141,16111
"Washington, AR",05143,166983
"White, AR",05145,68878
"Woodruff, AR",05147,8451
"Yell, AR",05149,21230
CALIFORNIA,06000,34876194
"Alameda, CA",06001,1460576
"Alpine, CA",06003,1195
"Amador, CA",06005,36506
"Butte, CA",06007,209319
"Calaveras, CA",06009,42583
"Colusa, CA",06011,19264
"Contra Costa, CA",06013,980446
"Del Norte, CA",06015,27485
"El Dorado, CA",06017,164675
"Fresno, CA",06019,828245
"Glenn, CA",06021,26705
"Humboldt, CA",06023,127779
"Imperial, CA",06025,144579
"Inyo, CA",06027,18079
"Kern, CA",06029,689204
"Kings, CA",06031,134681
"Lake, CA",06033,61674
"Lassen, CA",06035,33300
"Los Angeles, CA",06037,9717871
"Madera, CA",06039,127841
"Marin, CA",06041,246332
"Mariposa, CA",06043,17202
"Mendocino, CA",06045,86911
"Merced, CA",06047,223666
"Modoc, CA",06049,9240
"Mono, CA",06051,13191
"Monterey, CA",06053,409210
"Napa, CA",06055,128584
"Nevada, CA",06057,94412
"Orange, CA",06059,2917106
"Placer, CA",06061,277833
"Plumas, CA",06063,20861
"Riverside, CA",06065,1682749
"Sacramento, CA",06067,1299105
"San Benito, CA",06069,55217
"San Bernardino, CA",06071,1800599
"San Diego, CA",06073,2901235
"San Francisco, CA",06075,779281
"San Joaquin, CA",06077,608367
"San Luis Obispo, CA",06079,252932
"San Mateo, CA",06081,699043
"Santa Barbara, CA",06083,402079
"Santa Clara, CA",06085,1673028
"Santa Cruz, CA",06087,253708
"Shasta, CA",06089,171141
"Sierra, CA",06091,3462
"Siskiyou, CA",06093,43908
"Solano, CA",06095,407855
"Sonoma, CA",06097,463593
"Stanislaus, CA",06099,477197
"Sutter, CA",06101,81767
"Tehama, CA",06103,57000
"Trinity, CA",06105,13158
"Tulare, CA",06107,378285
"Tuolumne, CA",06109,55681
"Ventura, CA",06111,776560
"Yolo, CA",06113,180290
"Yuba, CA",06115,62399
COLORADO,08000,4504265
"Adams, CO",08001,371781
"Alamosa, CO",08003,15168
"Arapahoe, CO",08005,509598
"Archuleta, CO",08007,10951
"Baca, CO",08009,4331
"Bent, CO",08011,5903
"Boulder, CO",08013,281941
"Broomfield, CO",08014,42522
"Chaffee, CO",08015,16668
"Cheyenne, CO",08017,2100
"Clear Creek, CO",08019,9492
"Conejos, CO",08021,8299
"Costilla, CO",08023,3557
"Crowley, CO",08025,5792
"Custer, CO",08027,3667
"Delta, CO",08029,28764
"Denver, CO",08031,561072
"Dolores, CO",08033,1842
"Douglas, CO",08035,210037
"Eagle, CO",08037,44477
"Elbert, CO",08039,21779
"El Paso, CO",08041,544815
"Fremont, CO",08043,47197
"Garfield, CO",08045,46793
"Gilpin, CO",08047,4859
"Grand, CO",08049,12959
"Gunnison, CO",08051,14314
"Hinsdale, CO",08053,797
"Huerfano, CO",08055,7921
"Jackson, CO",08057,1521
"Jefferson, CO",08059,529191
"Kiowa, CO",08061,1485
"Kit Carson, CO",08063,8203
"Lake, CO",08065,7819
"La Plata, CO",08067,45979
"Larimer, CO",08069,265659
"Las Animas, CO",08071,15443
"Lincoln, CO",08073,5857
"Logan, CO",08075,21229
"Mesa, CO",08077,122131
"Mineral, CO",08079,857
"Moffat, CO",08081,13304
"Montezuma, CO",08083,23943
"Montrose, CO",08085,35108
"Morgan, CO",08087,27499
"Otero, CO",08089,19673
"Ouray, CO",08091,3914
"Park, CO",08093,15919
"Phillips, CO",08095,4521
"Pitkin, CO",08097,14909
"Prowers, CO",08099,14170
"Pueblo, CO",08101,146735
"Rio Blanco, CO",08103,5909
"Rio Grande, CO",08105,12157
"Routt, CO",08107,20446
"Saguache, CO",08109,6442
"San Juan, CO",08111,568
"San Miguel, CO",08113,7156
"Sedgwick, CO",08115,2673
"Summit, CO",08117,24966
"Teller, CO",08119,21276
"Washington, CO",08121,4943
"Weld, CO",08123,203570
"Yuma, CO",08125,9694
CONNECTICUT,09000,3448382
"Fairfield, CT",09001,890635
"Hartford, CT",09003,864497
"Litchfield, CT",09005,185656
"Middlesex, CT",09007,159207
"New Haven, CT",09009,832376
"New London, CT",09011,263098
"Tolland, CT",09013,141963
"Windham, CT",09015,110950
DELAWARE,10000,804131
"Kent, DE",10001,131301
"New Castle, DE",10003,509113
"Sussex, DE",10005,163717
DISTRICT OF COLUMBIA,11000,579585
District of Columbia,11001,579585
FLORIDA,12000,16680309
"Alachua, FL",12001,223994
"Baker, FL",12003,23143
"Bay, FL",12005,152213
"Bradford, FL",12007,26343
"Brevard, FL",12009,494239
"Broward, FL",12011,1698735
"Calhoun, FL",12013,12745
"Charlotte, FL",12015,149473
"Citrus, FL",12017,123243
"Clay, FL",12019,150645
"Collier, FL",12021,275367
"Columbia, FL",12023,58333
"DeSoto, FL",12027,32662
"Dixie, FL",12029,13940
"Duval, FL",12031,802673
"Escambia, FL",12033,299746
"Flagler, FL",12035,57432
"Franklin, FL",12037,9934
"Gadsden, FL",12039,45182
"Gilchrist, FL",12041,14874
"Glades, FL",12043,10912
"Gulf, FL",12045,14880
"Hamilton, FL",12047,13698
"Hardee, FL",12049,27284
"Hendry, FL",12051,36248
"Hernando, FL",12053,137681
"Highlands, FL",12055,89822
"Hillsborough, FL",12057,1050928
"Holmes, FL",12059,18614
"Indian River, FL",12061,117807
"Jackson, FL",12063,46441
"Jefferson, FL",12065,13200
"Lafayette, FL",12067,7202
"Lake, FL",12069,234662
"Lee, FL",12071,474109
"Leon, FL",12073,243733
"Levy, FL",12075,35586
"Liberty, FL",12077,7141
"Madison, FL",12079,18621
"Manatee, FL",12081,279448
"Marion, FL",12083,271261
"Martin, FL",12085,131604
"Miami-Dade, FL",12086,2328122
"Monroe, FL",12087,78963
"Nassau, FL",12089,60458
"Okaloosa, FL",12091,175924
"Okeechobee, FL",12093,36822
"Orange, FL",12095,946806
"Osceola, FL",12097,194071
"Palm Beach, FL",12099,1185745
"Pasco, FL",12101,371409
"Pinellas, FL",12103,923557
"Polk, FL",12105,498428
"Putnam, FL",12107,71004
"St. Johns, FL",12109,135882
"St. Lucie, FL",12111,204349
"Santa Rosa, FL",12113,128077
"Sarasota, FL",12115,338940
"Seminole, FL",12117,381313
"Sumter, FL",12119,57482
"Suwannee, FL",12121,35942
"Taylor, FL",12123,19222
"Union, FL",12125,13472
"Volusia, FL",12127,458400
"Wakulla, FL",12129,24929
"Walton, FL",12131,44046
"Washington, FL",12133,21148
GEORGIA,13000,8585535
"Appling, GA",13001,17513
"Atkinson, GA",13003,7708
"Bacon, GA",13005,10008
"Baker, GA",13007,3954
"Baldwin, GA",13009,45061
"Banks, GA",13011,15136
"Barrow, GA",13013,50982
"Bartow, GA",13015,82246
"Ben Hill, GA",13017,17168
"Berrien, GA",13019,16243
"Bibb, GA",13021,153979
"Bleckley, GA",13023,11682
"Brantley, GA",13025,15055
"Brooks, GA",13027,16247
"Bryan, GA",13029,24862
"Bulloch, GA",13031,57683
"Burke, GA",13033,22674
"Butts, GA",13035,21232
"Calhoun, GA",13037,6261
"Camden, GA",13039,45609
"Candler, GA",13043,9761
"Carroll, GA",13045,94874
"Catoosa, GA",13047,56060
"Charlton, GA",13049,10494
"Chatham, GA",13051,235712
"Chattahoochee, GA",13053,19189
"Chattooga, GA",13055,25922
"Cherokee, GA",13057,159006
"Clarke, GA",13059,104241
"Clay, GA",13061,3298
"Clayton, GA",13063,252560
"Clinch, GA",13065,6906
"Cobb, GA",13067,637772
"Coffee, GA",13069,38526
"Colquitt, GA",13071,42706
"Columbia, GA",13073,94135
"Cook, GA",13075,15880
"Coweta, GA",13077,97424
"Crawford, GA",13079,12447
"Crisp, GA",13081,21993
"Dade, GA",13083,15592
"Dawson, GA",13085,17546
"Decatur, GA",13087,28079
"DeKalb, GA",13089,690039
"Dodge, GA",13091,19346
"Dooly, GA",13093,11570
"Dougherty, GA",13095,95783
"Douglas, GA",13097,98222
"Early, GA",13099,12185
"Echols, GA",13101,3823
"Effingham, GA",13103,41088
"Elbert, GA",13105,20656
"Emanuel, GA",13107,21710
"Evans, GA",13109,11061
"Fannin, GA",13111,20876
"Fayette, GA",13113,95988
"Floyd, GA",13115,92612
"Forsyth, GA",13117,116127
"Franklin, GA",13119,20861
"Fulton, GA",13121,862931
"Gilmer, GA",13123,25151
"Glascock, GA",13125,2556
"Glynn, GA",13127,69057
"Gordon, GA",13129,46568
"Grady, GA",13131,23745
"Greene, GA",13133,15017
"Gwinnett, GA",13135,644753
"Habersham, GA",13137,37555
"Hall, GA",13139,151775
"Hancock, GA",13141,9729
"Haralson, GA",13143,26752
"Harris, GA",13145,24969
"Hart, GA",13147,23124
"Heard, GA",13149,11190
"Henry, GA",13151,139800
"Houston, GA",13153,116390
"Irwin, GA",13155,9962
"Jackson, GA",13157,45467
"Jasper, GA",13159,12028
"Jeff Davis, GA",13161,12794
"Jefferson, GA",13163,16999
"Jenkins, GA",13165,8588
"Johnson, GA",13167,8921
"Jones, GA",13169,24679
"Lamar, GA",13171,16131
"Lanier, GA",13173,7155
"Laurens, GA",13175,45606
"Lee, GA",13177,27727
"Liberty, GA",13179,61570
"Lincoln, GA",13181,8353
"Long, GA",13183,10576
"Lowndes, GA",13185,94272
"Lumpkin, GA",13187,22640
"McDuffie, GA",13189,21167
"McIntosh, GA",13191,10919
"Macon, GA",13193,13978
"Madison, GA",13195,26586
"Marion, GA",13197,7075
"Meriwether, GA",13199,22864
"Miller, GA",13201,6350
"Mitchell, GA",13205,23764
"Monroe, GA",13207,22602
"Montgomery, GA",13209,8507
"Morgan, GA",13211,16373
"Murray, GA",13213,38362
"Muscogee, GA",13215,185894
"Newton, GA",13217,71239
"Oconee, GA",13219,27100
"Oglethorpe, GA",13221,13083
"Paulding, GA",13223,93888
"Peach, GA",13225,24197
"Pickens, GA",13227,25575
"Pierce, GA",13229,15989
"Pike, GA",13231,14610
"Polk, GA",13233,39409
"Pulaski, GA",13235,9664
"Putnam, GA",13237,19229
"Quitman, GA",13239,2584
"Rabun, GA",13241,15554
"Randolph, GA",13243,7583
"Richmond, GA",13245,199092
"Rockdale, GA",13247,72987
"Schley, GA",13249,3793
"Screven, GA",13251,15327
"Seminole, GA",13253,9290
"Spalding, GA",13255,59868
"Stephens, GA",13257,25586
"Stewart, GA",13259,5097
"Sumter, GA",13261,33088
"Talbot, GA",13263,6600
"Taliaferro, GA",13265,2039
"Tattnall, GA",13267,22121
"Taylor, GA",13269,8798
"Telfair, GA",13271,11564
"Terrell, GA",13273,10823
"Thomas, GA",13275,42916
"Tift, GA",13277,38949
"Toombs, GA",13279,26128
"Towns, GA",13281,9678
"Treutlen, GA",13283,6924
"Troup, GA",13285,59828
"Turner, GA",13287,9633
"Twiggs, GA",13289,10725
"Union, GA",13291,18352
"Upson, GA",13293,27580
"Walker, GA",13295,61964
"Walton, GA",13297,66856
"Ware, GA",13299,35152
"Warren, GA",13301,6249
"Washington, GA",13303,20908
"Wayne, GA",13305,27207
"Webster, GA",13307,2247
"Wheeler, GA",13309,6539
"White, GA",13311,21929
"Whitfield, GA",13313,86381
"Wilcox, GA",13315,8659
"Wilkes, GA",13317,10605
"Wilkinson, GA",13319,10238
"Worth, GA",13321,21767
HAWAII,15000,1228069
"Hawaii, HI",15001,153170
"Honolulu, HI",15003,882628
"Kalawao, HI",15005,133
"Kauai, HI",15007,59466
"Maui, HI",15009,132672
IDAHO,16000,1342149
"Ada, ID",16001,320917
"Adams, ID",16003,3438
"Bannock, ID",16005,77213
"Bear Lake, ID",16007,6164
"Benewah, ID",16009,8922
"Bingham, ID",16011,42015
"Blaine, ID",16013,20338
"Boise, ID",16015,6988
"Bonner, ID",16017,37784
"Bonneville, ID",16019,84643
"Boundary, ID",16021,9876
"Butte, ID",16023,2893
"Camas, ID",16025,1027
"Canyon, ID",16027,144936
"Caribou, ID",16029,7169
"Cassia, ID",16031,21336
"Clark, ID",16033,945
"Clearwater, ID",16035,8395
"Custer, ID",16037,4123
"Elmore, ID",16039,29307
"Franklin, ID",16041,11660
"Fremont, ID",16043,11935
"Gem, ID",16045,15394
"Gooding, ID",16047,14174
"Idaho, ID",16049,15339
"Jefferson, ID",16051,19646
"Jerome, ID",16053,18545
"Kootenai, ID",16055,114000
"Latah, ID",16057,35599
"Lemhi, ID",16059,7598
"Lewis, ID",16061,3648
"Lincoln, ID",16063,4143
"Madison, ID",16065,29654
"Minidoka, ID",16067,19397
"Nez Perce, ID",16069,37124
"Oneida, ID",16071,4116
"Owyhee, ID",16073,10793
"Payette, ID",16075,21059
"Power, ID",16077,7479
"Shoshone, ID",16079,12983
"Teton, ID",16081,6733
"Twin Falls, ID",16083,65295
"Valley, ID",16085,7515
"Washington, ID",16087,9891
ILLINOIS,17000,12558229
"Adams, IL",17001,67765
"Alexander, IL",17003,9398
"Bond, IL",17005,17794
"Boone, IL",17007,44508
"Brown, IL",17009,6831
"Bureau, IL",17011,34995
"Calhoun, IL",17013,4974
"Carroll, IL",17015,16365
"Cass, IL",17017,13531
"Champaign, IL",17019,183102
"Christian, IL",17021,35022
"Clark, IL",17023,16904
"Clay, IL",17025,14147
"Clinton, IL",17027,35719
"Coles, IL",17029,52013
"Cook, IL",17031,5355574
"Crawford, IL",17033,20086
"Cumberland, IL",17035,11051
"DeKalb, IL",17037,92449
"De Witt, IL",17039,16546
"Douglas, IL",17041,19825
"DuPage, IL",17043,918864
"Edgar, IL",17045,19339
"Edwards, IL",17047,6799
"Effingham, IL",17049,34309
"Fayette, IL",17051,21490
"Ford, IL",17053,14087
"Franklin, IL",17055,38842
"Fulton, IL",17057,37488
"Gallatin, IL",17059,6175
"Greene, IL",17061,14588
"Grundy, IL",17063,38624
"Hamilton, IL",17065,8370
"Hancock, IL",17067,19590
"Hardin, IL",17069,4701
"Henderson, IL",17071,8103
"Henry, IL",17073,50166
"Iroquois, IL",17075,30698
"Jackson, IL",17077,58577
"Jasper, IL",17079,9972
"Jefferson, IL",17081,40028
"Jersey, IL",17083,21898
"Jo Daviess, IL",17085,22305
"Johnson, IL",17087,12715
"Kane, IL",17089,440157
"Kankakee, IL",17091,105416
"Kendall, IL",17093,61755
"Knox, IL",17095,54650
"Lake, IL",17097,671443
"LaSalle, IL",17099,111504
"Lawrence, IL",17101,16042
"Lee, IL",17103,35477
"Livingston, IL",17105,39111
"Logan, IL",17107,30713
"McDonough, IL",17109,32813
"McHenry, IL",17111,278222
"McLean, IL",17113,155630
"Macon, IL",17115,111980
"Macoupin, IL",17117,48769
"Madison, IL",17119,261346
"Marion, IL",17121,40893
"Marshall, IL",17123,12941
"Mason, IL",17125,15851
"Massac, IL",17127,15103
"Menard, IL",17129,12473
"Mercer, IL",17131,16872
"Monroe, IL",17133,29195
"Montgomery, IL",17135,30440
"Morgan, IL",17137,36064
"Moultrie, IL",17139,14267
"Ogle, IL",17141,52138
"Peoria, IL",17143,182453
"Perry, IL",17145,22719
"Piatt, IL",17147,16162
"Pike, IL",17149,16986
"Pope, IL",17151,4292
"Pulaski, IL",17153,7083
"Putnam, IL",17155,6068
"Randolph, IL",17157,33273
"Richland, IL",17159,16155
"Rock Island, IL",17161,148140
"St. Clair, IL",17163,257123
"Saline, IL",17165,26269
"Sangamon, IL",17167,191486
"Schuyler, IL",17169,6998
"Scott, IL",17171,5452
"Shelby, IL",17173,22490
"Stark, IL",17175,6255
"Stephenson, IL",17177,48034
"Tazewell, IL",17179,128107
"Union, IL",17181,18108
"Vermilion, IL",17183,82909
"Wabash, IL",17185,12633
"Warren, IL",17187,18327
"Washington, IL",17189,15084
"Wayne, IL",17191,16914
"White, IL",17193,15100
"Whiteside, IL",17195,60092
"Will, IL",17197,555566
"Williamson, IL",17199,62089
"Winnebago, IL",17201,282572
"Woodford, IL",17203,35698
INDIANA,18000,6149007
"Adams, IN",18001,33516
"Allen, IN",18003,337069
"Bartholomew, IN",18005,71712
"Benton, IN",18007,9131
"Blackford, IN",18009,13759
"Boone, IN",18011,48171
"Brown, IN",18013,15174
"Carroll, IN",18015,20192
"Cass, IN",18017,40380
"Clark, IN",18019,97882
"Clay, IN",18021,26393
"Clinton, IN",18023,33873
"Crawford, IN",18025,10949
"Daviess, IN",18027,29659
"Dearborn, IN",18029,47147
"Decatur, IN",18031,24656
"DeKalb, IN",18033,40621
"Delaware, IN",18035,119400
"Dubois, IN",18037,39977
"Elkhart, IN",18039,185148
"Fayette, IN",18041,25061
"Floyd, IN",18043,71436
"Fountain, IN",18045,17734
"Franklin, IN",18047,22419
"Fulton, IN",18049,20368
"Gibson, IN",18051,32577
"Grant, IN",18053,72087
"Greene, IN",18055,32967
"Hamilton, IN",18057,207867
"Hancock, IN",18059,57980
"Harrison, IN",18061,35051
"Hendricks, IN",18063,114677
"Henry, IN",18065,47956
"Howard, IN",18067,84597
"Huntington, IN",18069,38152
"Jackson, IN",18071,41428
"Jasper, IN",18073,30384
"Jay, IN",18075,21640
"Jefferson, IN",18077,31972
"Jennings, IN",18079,28031
"Johnson, IN",18081,121883
"Knox, IN",18083,38774
"Kosciusko, IN",18085,74739
"LaGrange, IN",18087,35522
"Lake, IN",18089,483991
"LaPorte, IN",18091,109441
"Lawrence, IN",18093,45964
"Madison, IN",18095,132443
"Marion, IN",18097,864857
"Marshall, IN",18099,45453
"Martin, IN",18101,10277
"Miami, IN",18103,36761
"Monroe, IN",18105,121318
"Montgomery, IN",18107,37745
"Morgan, IN",18109,67792
"Newton, IN",18111,14252
"Noble, IN",18113,46843
"Ohio, IN",18115,5739
"Orange, IN",18117,19371
"Owen, IN",18119,22267
"Parke, IN",18121,17273
"Perry, IN",18123,18798
"Pike, IN",18125,12840
"Porter, IN",18127,149950
"Posey, IN",18129,26918
"Pulaski, IN",18131,13731
"Putnam, IN",18133,36196
"Randolph, IN",18135,26882
"Ripley, IN",18137,27131
"Rush, IN",18139,17977
"St. Joseph, IN",18141,265179
"Scott, IN",18143,23257
"Shelby, IN",18145,43642
"Spencer, IN",18147,20182
"Starke, IN",18149,23369
"Steuben, IN",18151,33350
"Sullivan, IN",18153,21710
"Switzerland, IN",18155,9501
"Tippecanoe, IN",18157,151468
"Tipton, IN",18159,16458
"Union, IN",18161,7262
"Vanderburgh, IN",18163,172183
"Vermillion, IN",18165,16496
"Vigo, IN",18167,104829
"Wabash, IN",18169,34357
"Warren, IN",18171,8605
"Warrick, IN",18173,53150
"Washington, IN",18175,27582
"Wayne, IN",18177,70163
"Wells, IN",18179,27719
"White, IN",18181,24952
"Whitley, IN",18183,31272
IOWA,19000,2929264
"Adair, IA",19001,7964
"Adams, IA",19003,4350
"Allamakee, IA",19005,14309
"Appanoose, IA",19007,13377
"Audubon, IA",19009,6549
"Benton, IA",19011,25991
"Black Hawk, IA",19013,126628
"Boone, IA",19015,26032
"Bremer, IA",19017,23202
"Buchanan, IA",19019,20761
"Buena Vista, IA",19021,20142
"Butler, IA",19023,14826
"Calhoun, IA",19025,10719
"Carroll, IA",19027,21138
"Cass, IA",19029,14214
"Cedar, IA",19031,18049
"Cerro Gordo, IA",19033,45263
"Cherokee, IA",19035,12530
"Chickasaw, IA",19037,12763
"Clarke, IA",19039,9168
"Clay, IA",19041,17071
"Clayton, IA",19043,18211
"Clinton, IA",19045,49614
"Crawford, IA",19047,16847
"Dallas, IA",19049,44324
"Davis, IA",19051,8565
"Decatur, IA",19053,8543
"Delaware, IA",19055,18123
"Des Moines, IA",19057,41307
"Dickinson, IA",19059,16343
"Dubuque, IA",19061,89218
"Emmet, IA",19063,10795
"Fayette, IA",19065,21424
"Floyd, IA",19067,16589
"Franklin, IA",19069,10636
"Fremont, IA",19071,7766
"Greene, IA",19073,10092
"Grundy, IA",19075,12303
"Guthrie, IA",19077,11214
"Hamilton, IA",19079,16204
"Hancock, IA",19081,11760
"Hardin, IA",19083,18419
"Harrison, IA",19085,15497
"Henry, IA",19087,19967
"Howard, IA",19089,9794
"Humboldt, IA",19091,10073
"Ida, IA",19093,7550
"Iowa, IA",19095,15756
"Jackson, IA",19097,20116
"Jasper, IA",19099,37366
"Jefferson, IA",19101,15806
"Johnson, IA",19103,115560
"Jones, IA",19105,20150
"Keokuk, IA",19107,11341
"Kossuth, IA",19109,16499
"Lee, IA",19111,36858
"Linn, IA",19113,195918
"Louisa, IA",19115,12195
"Lucas, IA",19117,9438
"Lyon, IA",19119,11581
"Madison, IA",19121,14315
"Mahaska, IA",19123,22309
"Marion, IA",19125,32412
"Marshall, IA",19127,39033
"Mills, IA",19129,14533
"Mitchell, IA",19131,10826
"Monona, IA",19133,9705
"Monroe, IA",19135,7793
"Montgomery, IA",19137,11300
"Muscatine, IA",19139,41803
"O'Brien, IA",19141,14681
"Osceola, IA",19143,6849
"Page, IA",19145,16425
"Palo Alto, IA",19147,9843
"Plymouth, IA",19149,24552
"Pocahontas, IA",19151,8336
"Polk, IA",19153,385838
"Pottawattamie, IA",19155,87944
"Poweshiek, IA",19157,18755
"Ringgold, IA",19159,5294
"Sac, IA",19161,11040
"Scott, IA",19163,158677
"Shelby, IA",19165,12836
"Sioux, IA",19167,31795
"Story, IA",19169,81612
"Tama, IA",19171,17901
"Taylor, IA",19173,6810
"Union, IA",19175,12083
"Van Buren, IA",19177,7736
"Wapello, IA",19179,35803
"Warren, IA",19181,41282
"Washington, IA",19183,20982
"Wayne, IA",19185,6635
"Webster, IA",19187,39672
"Winnebago, IA",19189,11329
"Winneshiek, IA",19191,21123
"Woodbury, IA",19193,102981
"Worth, IA",19195,7794
"Wright, IA",19197,13819
KANSAS,20000,2712598
"Allen, KS",20001,14067
"Anderson, KS",20003,8090
"Atchison, KS",20005,16699
"Barber, KS",20007,5023
"Barton, KS",20009,27861
"Bourbon, KS",20011,15153
"Brown, KS",20013,10389
"Butler, KS",20015,60119
"Chase, KS",20017,3020
"Chautauqua, KS",20019,4192
"Cherokee, KS",20021,22043
"Cheyenne, KS",20023,3016
"Clark, KS",20025,2320
"Clay, KS",20027,8645
"Cloud, KS",20029,9883
"Coffey, KS",20031,8727
"Comanche, KS",20033,1955
"Cowley, KS",20035,36051
"Crawford, KS",20037,38276
"Decatur, KS",20039,3351
"Dickinson, KS",20041,18965
"Doniphan, KS",20043,8124
"Douglas, KS",20045,104408
"Edwards, KS",20047,3313
"Elk, KS",20049,3164
"Ellis, KS",20051,27407
"Ellsworth, KS",20053,6357
"Finney, KS",20055,40155
"Ford, KS",20057,32150
"Franklin, KS",20059,25495
"Geary, KS",20061,28174
"Gove, KS",20063,2958
"Graham, KS",20065,2842
"Grant, KS",20067,7809
"Gray, KS",20069,5978
"Greeley, KS",20071,1437
"Greenwood, KS",20073,7570
"Hamilton, KS",20075,2667
"Harper, KS",20077,6224
"Harvey, KS",20079,33190
"Haskell, KS",20081,4153
"Hodgeman, KS",20083,2140
"Jackson, KS",20085,12840
"Jefferson, KS",20087,18480
"Jewell, KS",20089,3496
"Johnson, KS",20091,475918
"Kearny, KS",20093,4447
"Kingman, KS",20095,8392
"Kiowa, KS",20097,3101
"Labette, KS",20099,22248
"Lane, KS",20101,1972
"Leavenworth, KS",20103,70756
"Lincoln, KS",20105,3482
"Linn, KS",20107,9664
"Logan, KS",20109,2927
"Lyon, KS",20111,35749
"McPherson, KS",20113,29211
"Marion, KS",20115,13129
"Marshall, KS",20117,10590
"Meade, KS",20119,4637
"Miami, KS",20121,28735
"Mitchell, KS",20123,6685
"Montgomery, KS",20125,35154
"Morris, KS",20127,5982
"Morton, KS",20129,3336
"Nemaha, KS",20131,10449
"Neosho, KS",20133,16609
"Ness, KS",20135,3299
"Norton, KS",20137,5760
"Osage, KS",20139,16650
"Osborne, KS",20141,4261
"Ottawa, KS",20143,6148
"Pawnee, KS",20145,6874
"Phillips, KS",20147,5751
"Pottawatomie, KS",20149,18324
"Pratt, KS",20151,9579
"Rawlins, KS",20153,2846
"Reno, KS",20155,63961
"Republic, KS",20157,5421
"Rice, KS",20159,10517
"Riley, KS",20161,63755
"Rooks, KS",20163,5452
"Rush, KS",20165,3423
"Russell, KS",20167,7007
"Saline, KS",20169,53988
"Scott, KS",20171,4900
"Sedgwick, KS",20173,459961
"Seward, KS",20175,22702
"Shawnee, KS",20177,170349
"Sheridan, KS",20179,2636
"Sherman, KS",20181,6359
"Smith, KS",20183,4291
"Stafford, KS",20185,4627
"Stanton, KS",20187,2413
"Stevens, KS",20189,5330
"Sumner, KS",20191,25352
"Thomas, KS",20193,8031
"Trego, KS",20195,3136
"Wabaunsee, KS",20197,6705
"Wallace, KS",20199,1662
"Washington, KS",20201,6219
"Wichita, KS",20203,2426
"Wilson, KS",20205,10103
"Woodson, KS",20207,3595
"Wyandotte, KS",20209,157236
KENTUCKY,21000,4091330
"Adair, KY",21001,17575
"Allen, KY",21003,18034
"Anderson, KY",21005,19434
"Ballard, KY",21007,8151
"Barren, KY",21009,38599
"Bath, KY",21011,11417
"Bell, KY",21013,29784
"Boone, KY",21015,93362
"Bourbon, KY",21017,19381
"Boyd, KY",21019,49440
"Boyle, KY",21021,27723
"Bracken, KY",21023,8450
"Breathitt, KY",21025,15772
"Breckinridge, KY",21027,18834
"Bullitt, KY",21029,64823
"Butler, KY",21031,13149
"Caldwell, KY",21033,12792
"Calloway, KY",21035,34404
"Campbell, KY",21037,88292
"Carlisle, KY",21039,5319
"Carroll, KY",21041,10270
"Carter, KY",21043,27094
"Casey, KY",21045,15801
"Christian, KY",21047,76031
"Clark, KY",21049,33522
"Clay, KY",21051,24488
"Clinton, KY",21053,9572
"Crittenden, KY",21055,9168
"Cumberland, KY",21057,7115
"Daviess, KY",21059,91639
"Edmonson, KY",21061,11771
"Elliott, KY",21063,6724
"Estill, KY",21065,15234
"Fayette, KY",21067,266953
"Fleming, KY",21069,14168
"Floyd, KY",21071,42216
"Franklin, KY",21073,48179
"Fulton, KY",21075,7569
"Gallatin, KY",21077,7833
"Garrard, KY",21079,15546
"Grant, KY",21081,23518
"Graves, KY",21083,36980
"Grayson, KY",21085,24216
"Green, KY",21087,11589
"Greenup, KY",21089,36780
"Hancock, KY",21091,8440
"Hardin, KY",21093,95071
"Harlan, KY",21095,32326
"Harrison, KY",21097,17992
"Hart, KY",21099,17604
"Henderson, KY",21101,44940
"Henry, KY",21103,15253
"Hickman, KY",21105,5216
"Hopkins, KY",21107,46222
"Jackson, KY",21109,13523
"Jefferson, KY",21111,696233
"Jessamine, KY",21113,40649
"Johnson, KY",21115,23360
"Kenton, KY",21117,151720
"Knott, KY",21119,17613
"Knox, KY",21121,31545
"Larue, KY",21123,13420
"Laurel, KY",21125,54297
"Lawrence, KY",21127,15794
"Lee, KY",21129,7841
"Leslie, KY",21131,12188
"Letcher, KY",21133,24762
"Lewis, KY",21135,13701
"Lincoln, KY",21137,23970
"Livingston, KY",21139,9764
"Logan, KY",21141,26660
"Lyon, KY",21143,8131
"McCracken, KY",21145,64616
"McCreary, KY",21147,17057
"McLean, KY",21149,9936
"Madison, KY",21151,73802
"Magoffin, KY",21153,13237
"Marion, KY",21155,18441
"Marshall, KY",21157,30211
"Martin, KY",21159,12379
"Mason, KY",21161,16809
"Meade, KY",21163,27190
"Menifee, KY",21165,6734
"Mercer, KY",21167,21036
"Metcalfe, KY",21169,9968
"Monroe, KY",21171,11728
"Montgomery, KY",21173,23159
"Morgan, KY",21175,14187
"Muhlenberg, KY",21177,31598
"Nelson, KY",21179,38813
"Nicholas, KY",21181,6949
"Ohio, KY",21183,23074
"Oldham, KY",21185,48979
"Owen, KY",21187,10868
"Owsley, KY",21189,4742
"Pendleton, KY",21191,14721
"Perry, KY",21193,29319
"Pike, KY",21195,67449
"Powell, KY",21197,13272
"Pulaski, KY",21199,57108
"Robertson, KY",21201,2277
"Rockcastle, KY",21203,16559
"Rowan, KY",21205,22263
"Russell, KY",21207,16409
"Scott, KY",21209,35499
"Shelby, KY",21211,34812
"Simpson, KY",21213,16595
"Spencer, KY",21215,13415
"Taylor, KY",21217,23373
"Todd, KY",21219,11946
"Trigg, KY",21221,12689
"Trimble, KY",21223,8549
"Union, KY",21225,15596
"Warren, KY",21227,94777
"Washington, KY",21229,11115
"Wayne, KY",21231,20069
"Webster, KY",21233,14002
"Whitley, KY",21235,36669
"Wolfe, KY",21237,6937
"Woodford, KY",21239,23451
LOUISIANA,22000,4466068
"Acadia, LA",22001,58799
"Allen, LA",22003,25113
"Ascension, LA",22005,81278
"Assumption, LA",22007,23117
"Avoyelles, LA",22009,41366
"Beauregard, LA",22011,33078
"Bienville, LA",22013,15342
"Bossier, LA",22015,100734
"Caddo, LA",22017,249820
"Calcasieu, LA",22019,182842
"Caldwell, LA",22021,10503
"Cameron, LA",22023,9736
"Catahoula, LA",22025,10659
"Claiborne, LA",22027,16482
"Concordia, LA",22029,19735
"De Soto, LA",22031,25586
"East Baton Rouge, LA",22033,410438
"East Carroll, LA",22035,8977
"East Feliciana, LA",22037,21025
"Evangeline, LA",22039,35165
"Franklin, LA",22041,20726
"Grant, LA",22043,18670
"Iberia, LA",22045,73345
"Iberville, LA",22047,33031
"Jackson, LA",22049,15207
"Jefferson, LA",22051,451453
"Jefferson Davis, LA",22053,30946
"Lafayette, LA",22055,192775
"Lafourche, LA",22057,90666
"La Salle, LA",22059,14187
"Lincoln, LA",22061,41993
"Livingston, LA",22063,98305
"Madison, LA",22065,13027
"Morehouse, LA",22067,30362
"Natchitoches, LA",22069,39030
"Orleans, LA",22071,472744
"Ouachita, LA",22073,147335
"Plaquemines, LA",22075,27119
"Pointe Coupee, LA",22077,22347
"Rapides, LA",22079,126467
"Red River, LA",22081,9434
"Richland, LA",22083,20720
"Sabine, LA",22085,23290
"St. Bernard, LA",22087,66286
"St. Charles, LA",22089,48960
"St. Helena, LA",22091,10429
"St. James, LA",22093,21097
"St. John the Baptist, LA",22095,43955
"St. Landry, LA",22097,87787
"St. Martin, LA",22099,49340
"St. Mary, LA",22101,52189
"St. Tammany, LA",22103,200873
"Tangipahoa, LA",22105,102303
"Tensas, LA",22107,6336
"Terrebonne, LA",22109,104923
"Union, LA",22111,22642
"Vermilion, LA",22113,54223
"Vernon, LA",22115,51533
"Washington, LA",22117,43767
"Webster, LA",22119,41243
"West Baton Rouge, LA",22121,21644
"West Carroll, LA",22123,12076
"West Feliciana, LA",22125,15061
"Winn, LA",22127,16427
MAINE,23000,1293938
"Androscoggin, ME",23001,104873
"Aroostook, ME",23003,72777
"Cumberland, ME",23005,269830
"Franklin, ME",23007,29808
"Hancock, ME",23009,52047
"Kennebec, ME",23011,118423
"Knox, ME",23013,40444
"Lincoln, ME",23015,34259
"Oxford, ME",23017,55485
"Penobscot, ME",23019,146249
"Piscataquis, ME",23021,17132
"Sagadahoc, ME",23023,35802
"Somerset, ME",23025,50775
"Waldo, ME",23027,37518
"Washington, ME",23029,33182
"York, ME",23031,195334
MARYLAND,24000,5439913
"Allegany, MD",24001,73728
"Anne Arundel, MD",24003,502574
"Baltimore, MD",24005,768275
"Calvert, MD",24009,80396
"Caroline, MD",24011,30169
"Carroll, MD",24013,158644
"Cecil, MD",24015,90059
"Charles, MD",24017,127796
"Dorchester, MD",24019,30428
"Frederick, MD",24021,208593
"Garrett, MD",24023,29821
"Harford, MD",24025,226862
"Howard, MD",24027,259379
"Kent, MD",24029,19491
"Montgomery, MD",24031,906145
"Prince George's, MD",24033,824290
"Queen Anne's, MD",24035,42600
"St. Mary's, MD",24037,89897
"Somerset, MD",24039,25373
"Talbot, MD",24041,34360
"Washington, MD",24043,134583
"Wicomico, MD",24045,85995
"Worcester, MD",24047,48209
"Baltimore city, MD",24510,642246
MASSACHUSETTS,25000,6440978
"Barnstable, MA",25001,226893
"Berkshire, MA",25003,133101
"Bristol, MA",25005,542717
"Dukes, MA",25007,15380
"Essex, MA",25009,733096
"Franklin, MA",25011,71830
"Hampden, MA",25013,460848
"Hampshire, MA",25015,153011
"Middlesex, MA",25017,1473966
"Nantucket, MA",25019,10076
"Norfolk, MA",25021,654144
"Plymouth, MA",25023,483209
"Suffolk, MA",25025,711464
"Worcester, MA",25027,771243
MICHIGAN,26000,10038767
"Alcona, MI",26001,11504
"Alger, MI",26003,9736
"Allegan, MI",26005,108798
"Alpena, MI",26007,30845
"Antrim, MI",26009,23757
"Arenac, MI",26011,17182
"Baraga, MI",26013,8817
"Barry, MI",26015,57842
"Bay, MI",26017,109584
"Benzie, MI",26019,16719
"Berrien, MI",26021,161541
"Branch, MI",26023,46535
"Calhoun, MI",26025,138343
"Cass, MI",26027,51023
"Charlevoix, MI",26029,26469
"Cheboygan, MI",26031,27102
"Chippewa, MI",26033,38620
"Clare, MI",26035,31507
"Clinton, MI",26037,66476
"Crawford, MI",26039,14526
"Delta, MI",26041,38252
"Dickinson, MI",26043,27103
"Eaton, MI",26045,105431
"Emmet, MI",26047,32472
"Genesee, MI",26049,438775
"Gladwin, MI",26051,26746
"Gogebic, MI",26053,17327
"Grand Traverse, MI",26055,80984
"Gratiot, MI",26057,42316
"Hillsdale, MI",26059,46776
"Houghton, MI",26061,35646
"Huron, MI",26063,35255
"Ingham, MI",26065,281135
"Ionia, MI",26067,62906
"Iosco, MI",26069,26888
"Iron, MI",26071,12688
"Isabella, MI",26073,64218
"Jackson, MI",26075,160791
"Kalamazoo, MI",26077,241789
"Kalkaska, MI",26079,16884
"Kent, MI",26081,586423
"Keweenaw, MI",26083,2248
"Lake, MI",26085,11466
"Lapeer, MI",26087,90277
"Leelanau, MI",26089,21551
"Lenawee, MI",26091,100167
"Livingston, MI",26093,168120
"Luce, MI",26095,7003
"Mackinac, MI",26097,11558
"Macomb, MI",26099,807022
"Manistee, MI",26101,24874
"Marquette, MI",26103,64751
"Mason, MI",26105,28625
"Mecosta, MI",26107,41417
"Menominee, MI",26109,24978
"Midland, MI",26111,83449
"Missaukee, MI",26113,14836
"Monroe, MI",26115,148583
"Montcalm, MI",26117,62337
"Montmorency, MI",26119,10473
"Muskegon, MI",26121,171811
"Newaygo, MI",26123,48704
"Oakland, MI",26125,1199653
"Oceana, MI",26127,27521
"Ogemaw, MI",26129,21704
"Ontonagon, MI",26131,7631
"Osceola, MI",26133,23494
"Oscoda, MI",26135,9351
"Otsego, MI",26137,24050
"Ottawa, MI",26139,246332
"Presque Isle, MI",26141,14193
"Roscommon, MI",26143,25740
"Saginaw, MI",26145,209054
"St. Clair, MI",26147,166774
"St. Joseph, MI",26149,62233
"Sanilac, MI",26151,44460
"Schoolcraft, MI",26153,8731
"Shiawassee, MI",26155,71976
"Tuscola, MI",26157,58038
"Van Buren, MI",26159,77259
"Washtenaw, MI",26161,333619
"Wayne, MI",26163,2054221
"Wexford, MI",26165,30752
MINNESOTA,27000,5017458
"Aitkin, MN",27001,15541
"Anoka, MN",27003,309032
"Becker, MN",27005,30626
"Beltrami, MN",27007,41039
"Benton, MN",27009,36760
"Big Stone, MN",27011,5674
"Blue Earth, MN",27013,56982
"Brown, MN",27015,26837
"Carlton, MN",27017,32440
"Carver, MN",27019,75686
"Cass, MN",27021,27880
"Chippewa, MN",27023,12851
"Chisago, MN",27025,44722
"Clay, MN",27027,51483
"Clearwater, MN",27029,8346
"Cook, MN",27031,5227
"Cottonwood, MN",27033,11960
"Crow Wing, MN",27035,57191
"Dakota, MN",27037,368205
"Dodge, MN",27039,18480
"Douglas, MN",27041,33657
"Faribault, MN",27043,15759
"Fillmore, MN",27045,21228
"Freeborn, MN",27047,31964
"Goodhue, MN",27049,44890
"Grant, MN",27051,6259
"Hennepin, MN",27053,1123225
"Houston, MN",27055,19826
"Hubbard, MN",27057,18454
"Isanti, MN",27059,33757
"Itasca, MN",27061,43848
"Jackson, MN",27063,11124
"Kanabec, MN",27065,15362
"Kandiyohi, MN",27067,40883
"Kittson, MN",27069,5019
"Koochiching, MN",27071,13953
"Lac qui Parle, MN",27073,7842
"Lake, MN",27075,11070
"Lake of the Woods, MN",27077,4289
"Le Sueur, MN",27079,25975
"Lincoln, MN",27081,6203
"Lyon, MN",27083,25014
"McLeod, MN",27085,35459
"Mahnomen, MN",27087,5136
"Marshall, MN",27089,9861
"Martin, MN",27091,21202
"Meeker, MN",27093,22896
"Mille Lacs, MN",27095,23634
"Morrison, MN",27097,32280
"Mower, MN",27099,38498
"Murray, MN",27101,8972
"Nicollet, MN",27103,30432
"Nobles, MN",27105,20479
"Norman, MN",27107,7223
"Olmsted, MN",27109,129222
"Otter Tail, MN",27111,57165
"Pennington, MN",27113,13597
"Pine, MN",27115,27410
"Pipestone, MN",27117,9650
"Polk, MN",27119,30801
"Pope, MN",27121,11189
"Ramsey, MN",27123,510592
"Red Lake, MN",27125,4251
"Redwood, MN",27127,16348
"Renville, MN",27129,16857
"Rice, MN",27131,58399
"Rock, MN",27133,9655
"Roseau, MN",27135,16103
"St. Louis, MN",27137,199722
"Scott, MN",27139,103169
"Sherburne, MN",27141,71994
"Sibley, MN",27143,15283
"Stearns, MN",27145,138376
"Steele, MN",27147,34374
"Stevens, MN",27149,9917
"Swift, MN",27151,11436
"Todd, MN",27153,24247
"Traverse, MN",27155,3918
"Wabasha, MN",27157,21787
"Wadena, MN",27159,13636
"Waseca, MN",27161,19496
"Washington, MN",27163,209254
"Watonwan, MN",27165,11737
"Wilkin, MN",27167,6920
"Winona, MN",27169,49506
"Wright, MN",27171,98072
"Yellow Medicine, MN",27173,10740
MISSISSIPPI,28000,2858643
"Adams, MS",28001,33362
"Alcorn, MS",28003,34746
"Amite, MS",28005,13420
"Attala, MS",28007,19585
"Benton, MS",28009,7835
"Bolivar, MS",28011,39207
"Calhoun, MS",28013,14815
"Carroll, MS",28015,10488
"Chickasaw, MS",28017,19306
"Choctaw, MS",28019,9583
"Claiborne, MS",28021,11543
"Clarke, MS",28023,17690
"Clay, MS",28025,21839
"Coahoma, MS",28027,29846
"Copiah, MS",28029,28698
"Covington, MS",28031,19700
"DeSoto, MS",28033,118344
"Forrest, MS",28035,73550
"Franklin, MS",28037,8203
"George, MS",28039,19855
"Greene, MS",28041,13234
"Grenada, MS",28043,22936
"Hancock, MS",28045,44437
"Harrison, MS",28047,191366
"Hinds, MS",28049,248675
"Holmes, MS",28051,21183
"Humphreys, MS",28053,10682
"Issaquena, MS",28055,2053
"Itawamba, MS",28057,22771
"Jackson, MS",28059,132464
"Jasper, MS",28061,18218
"Jefferson, MS",28063,9555
"Jefferson Davis, MS",28065,13421
"Jones, MS",28067,64931
"Kemper, MS",28069,10434
"Lafayette, MS",28071,39543
"Lamar, MS",28073,40931
"Lauderdale, MS",28075,77606
"Lawrence, MS",28077,13241
"Leake, MS",28079,21691
"Lee, MS",28081,76764
"Leflore, MS",28083,36439
"Lincoln, MS",28085,33295
"Lowndes, MS",28087,60689
"Madison, MS",28089,77994
"Marion, MS",28091,25144
"Marshall, MS",28093,35253
"Monroe, MS",28095,37642
"Montgomery, MS",28097,11891
"Neshoba, MS",28099,28644
"Newton, MS",28101,21706
"Noxubee, MS",28103,12307
"Oktibbeha, MS",28105,42387
"Panola, MS",28107,34762
"Pearl River, MS",28109,50052
"Perry, MS",28111,12213
"Pike, MS",28113,38653
"Pontotoc, MS",28115,27191
"Prentiss, MS",28117,25484
"Quitman, MS",28119,9851
"Rankin, MS",28121,121329
"Scott, MS",28123,28260
"Sharkey, MS",28125,6287
"Simpson, MS",28127,27727
"Smith, MS",28129,15941
"Stone, MS",28131,14017
"Sunflower, MS",28133,33520
"Tallahatchie, MS",28135,14388
"Tate, MS",28137,25502
"Tippah, MS",28139,20915
"Tishomingo, MS",28141,19030
"Tunica, MS",28143,9719
"Union, MS",28145,25795
"Walthall, MS",28147,14958
"Warren, MS",28149,49029
"Washington, MS",28151,60359
"Wayne, MS",28153,21142
"Webster, MS",28155,10154
"Wilkinson, MS",28157,10272
"Winston, MS",28159,19902
"Yalobusha, MS",28161,13372
"Yazoo, MS",28163,27677
MISSOURI,29000,5680852
"Adair, MO",29001,24974
"Andrew, MO",29003,16513
"Atchison, MO",29005,6251
"Audrain, MO",29007,25801
"Barry, MO",29009,34240
"Barton, MO",29011,12771
"Bates, MO",29013,16947
"Benton, MO",29015,17490
"Bollinger, MO",29017,12248
"Boone, MO",29019,139759
"Buchanan, MO",29021,86334
"Butler, MO",29023,40785
"Caldwell, MO",29025,9002
"Callaway, MO",29027,41972
"Camden, MO",29029,37794
"Cape Girardeau, MO",29031,69514
"Carroll, MO",29033,10172
"Carter, MO",29035,5879
"Cass, MO",29037,86955
"Cedar, MO",29039,13816
"Chariton, MO",29041,8236
"Christian, MO",29043,58865
"Clark, MO",29045,7366
"Clay, MO",29047,193068
"Clinton, MO",29049,19580
"Cole, MO",29051,72053
"Cooper, MO",29053,16944
"Crawford, MO",29055,23227
"Dade, MO",29057,7771
"Dallas, MO",29059,15830
"Daviess, MO",29061,7967
"DeKalb, MO",29063,12992
"Dent, MO",29065,14831
"Douglas, MO",29067,13227
"Dunklin, MO",29069,32639
"Franklin, MO",29071,95715
"Gasconade, MO",29073,15391
"Gentry, MO",29075,6610
"Greene, MO",29077,244733
"Grundy, MO",29079,10158
"Harrison, MO",29081,8719
"Henry, MO",29083,22151
"Hickory, MO",29085,8791
"Holt, MO",29087,5137
"Howard, MO",29089,10001
"Howell, MO",29091,37168
"Iron, MO",29093,10443
"Jackson, MO",29095,662174
"Jasper, MO",29097,107051
"Jefferson, MO",29099,202619
"Johnson, MO",29101,49884
"Knox, MO",29103,4248
"Laclede, MO",29105,32849
"Lafayette, MO",29107,32859
"Lawrence, MO",29109,36012
"Lewis, MO",29111,10322
"Lincoln, MO",29113,42187
"Linn, MO",29115,13465
"Livingston, MO",29117,14342
"McDonald, MO",29119,21702
"Macon, MO",29121,15429
"Madison, MO",29123,11839
"Maries, MO",29125,8744
"Marion, MO",29127,28010
"Mercer, MO",29129,3634
"Miller, MO",29131,24097
"Mississippi, MO",29133,13171
"Moniteau, MO",29135,14906
"Monroe, MO",29137,9251
"Montgomery, MO",29139,11975
"Morgan, MO",29141,19687
"New Madrid, MO",29143,19082
"Newton, MO",29145,53048
"Nodaway, MO",29147,21992
"Oregon, MO",29149,10237
"Osage, MO",29151,13037
"Ozark, MO",29153,9410
"Pemiscot, MO",29155,19749
"Perry, MO",29157,18256
"Pettis, MO",29159,39407
"Phelps, MO",29161,40658
"Pike, MO",29163,18307
"Platte, MO",29165,78552
"Polk, MO",29167,27774
"Pulaski, MO",29169,43791
"Putnam, MO",29171,5140
"Ralls, MO",29173,9631
"Randolph, MO",29175,24711
"Ray, MO",29177,23478
"Reynolds, MO",29179,6589
"Ripley, MO",29181,13480
"St. Charles, MO",29183,302831
"St. Clair, MO",29185,9569
"Ste. Genevieve, MO",29186,17866
"St. Francois, MO",29187,56549
"St. Louis, MO",29189,1012999
"Saline, MO",29195,22963
"Schuyler, MO",29197,4171
"Scotland, MO",29199,4869
"Scott, MO",29201,40273
"Shannon, MO",29203,8257
"Shelby, MO",29205,6713
"Stoddard, MO",29207,29779
"Stone, MO",29209,29318
"Sullivan, MO",29211,7269
"Taney, MO",29213,40925
"Texas, MO",29215,24173
"Vernon, MO",29217,20263
"Warren, MO",29219,26076
"Washington, MO",29221,23665
"Wayne, MO",29223,13076
"Webster, MO",29225,32453
"Worth, MO",29227,2269
"Wright, MO",29229,18002
"St. Louis city, MO",29510,350908
MONTANA,30000,909868
"Beaverhead, MT",30001,8950
"Big Horn, MT",30003,12771
"Blaine, MT",30005,6782
"Broadwater, MT",30007,4341
"Carbon, MT",30009,9657
"Carter, MT",30011,1331
"Cascade, MT",30013,80600
"Chouteau, MT",30015,5596
"Custer, MT",30017,11402
"Daniels, MT",30019,1911
"Dawson, MT",30021,8692
"Deer Lodge, MT",30023,9096
"Fallon, MT",30025,2688
"Fergus, MT",30027,11572
"Flathead, MT",30029,77284
"Gallatin, MT",30031,72000
"Garfield, MT",30033,1245
"Glacier, MT",30035,13163
"Golden Valley, MT",30037,1054
"Granite, MT",30039,2873
"Hill, MT",30041,16292
"Jefferson, MT",30043,10223
"Judith Basin, MT",30045,2238
"Lake, MT",30047,26827
"Lewis and Clark, MT",30049,56141
"Liberty, MT",30051,2007
"Lincoln, MT",30053,18473
"McCone, MT",30055,1817
"Madison, MT",30057,6887
"Meagher, MT",30059,1907
"Mineral, MT",30061,3778
"Missoula, MT",30063,98918
"Musselshell, MT",30065,4389
"Park, MT",30067,15742
"Petroleum, MT",30069,492
"Phillips, MT",30071,4296
"Pondera, MT",30073,6220
"Powder River, MT",30075,1822
"Powell, MT",30077,6961
"Prairie, MT",30079,1168
"Ravalli, MT",30081,37402
"Richland, MT",30083,9211
"Roosevelt, MT",30085,10368
"Rosebud, MT",30087,9203
"Sanders, MT",30089,10344
"Sheridan, MT",30091,3778
"Silver Bow, MT",30093,33351
"Stillwater, MT",30095,8354
"Sweet Grass, MT",30097,3607
"Teton, MT",30099,6298
"Toole, MT",30101,5272
"Treasure, MT",30103,765
"Valley, MT",30105,7368
"Wheatland, MT",30107,2175
"Wibaux, MT",30109,995
"Yellowstone, MT",30111,131771
"Yellowstone National Park, MT",30113,0
NEBRASKA,31000,1725083
"Adams, NE",31001,31708
"Antelope, NE",31003,7208
"Arthur, NE",31005,394
"Banner, NE",31007,771
"Blaine, NE",31009,542
"Boone, NE",31011,6030
"Box Butte, NE",31013,11769
"Boyd, NE",31015,2348
"Brown, NE",31017,3472
"Buffalo, NE",31019,42940
"Burt, NE",31021,7489
"Butler, NE",31023,8847
"Cass, NE",31025,24704
"Cedar, NE",31027,9252
"Chase, NE",31029,3975
"Cherry, NE",31031,6001
"Cheyenne, NE",31033,9899
"Clay, NE",31035,6824
"Colfax, NE",31037,10468
"Cuming, NE",31039,9961
"Custer, NE",31041,11458
"Dakota, NE",31043,20302
"Dawes, NE",31045,9102
"Dawson, NE",31047,24317
"Deuel, NE",31049,2011
"Dixon, NE",31051,6182
"Dodge, NE",31053,35828
"Douglas, NE",31055,471629
"Dundy, NE",31057,2168
"Fillmore, NE",31059,6394
"Franklin, NE",31061,3459
"Frontier, NE",31063,2972
"Furnas, NE",31065,5171
"Gage, NE",31067,23112
"Garden, NE",31069,2210
"Garfield, NE",31071,1866
"Gosper, NE",31073,2056
"Grant, NE",31075,718
"Greeley, NE",31077,2626
"Hall, NE",31079,53588
"Hamilton, NE",31081,9355
"Harlan, NE",31083,3639
"Hayes, NE",31085,1095
"Hitchcock, NE",31087,3036
"Holt, NE",31089,11117
"Hooker, NE",31091,735
"Howard, NE",31093,6476
"Jefferson, NE",31095,8167
"Johnson, NE",31097,4850
"Kearney, NE",31099,6766
"Keith, NE",31101,8641
"Keya Paha, NE",31103,949
"Kimball, NE",31105,3984
"Knox, NE",31107,9037
"Lancaster, NE",31109,257949
"Lincoln, NE",31111,34364
"Logan, NE",31113,761
"Loup, NE",31115,744
"McPherson, NE",31117,536
"Madison, NE",31119,35795
"Merrick, NE",31121,8028
"Morrill, NE",31123,5203
"Nance, NE",31125,3870
"Nemaha, NE",31127,7242
"Nuckolls, NE",31129,4799
"Otoe, NE",31131,15418
"Pawnee, NE",31133,2984
"Perkins, NE",31135,3074
"Phelps, NE",31137,9662
"Pierce, NE",31139,7619
"Platte, NE",31141,31059
"Polk, NE",31143,5479
"Red Willow, NE",31145,11302
"Richardson, NE",31147,9069
"Rock, NE",31149,1667
"Saline, NE",31151,14027
"Sarpy, NE",31153,129077
"Saunders, NE",31155,19832
"Scotts Bluff, NE",31157,36577
"Seward, NE",31159,16592
"Sheridan, NE",31161,5942
"Sherman, NE",31163,3167
"Sioux, NE",31165,1429
"Stanton, NE",31167,6484
"Thayer, NE",31169,5674
"Thomas, NE",31171,668
"Thurston, NE",31173,7096
"Valley, NE",31175,4512
"Washington, NE",31177,19168
"Wayne, NE",31179,9564
"Webster, NE",31181,3890
"Wheeler, NE",31183,823
"York, NE",31185,14319
NEVADA,32000,2166214
"Churchill, NV",32001,24088
"Clark, NV",32003,1515571
"Douglas, NV",32005,43070
"Elko, NV",32007,44055
"Esmeralda, NV",32009,875
"Eureka, NV",32011,1585
"Humboldt, NV",32013,16120
"Lander, NV",32015,5075
"Lincoln, NV",32017,4186
"Lyon, NV",32019,37764
"Mineral, NV",32021,4693
"Nye, NV",32023,34380
"Pershing, NV",32027,6532
"Storey, NV",32029,3398
"Washoe, NV",32031,361841
"White Pine, NV",32033,8557
"Carson City city, NV",32510,54424
NEW HAMPSHIRE,33000,1271163
"Belknap, NH",33001,58993
"Carroll, NH",33003,45106
"Cheshire, NH",33005,75016
"Coos, NH",33007,32830
"Grafton, NH",33009,82515
"Hillsborough, NH",33011,390921
"Merrimack, NH",33013,141466
"Rockingham, NH",33015,287116
"Strafford, NH",33017,116016
"Sullivan, NH",33019,41184
NEW JERSEY,34000,8544115
"Atlantic, NJ",34001,258169
"Bergen, NJ",34003,889442
"Burlington, NJ",34005,436318
"Camden, NJ",34007,509783
"Cape May, NJ",34009,101421
"Cumberland, NJ",34011,147590
"Essex, NJ",34013,792992
"Gloucester, NJ",34015,263518
"Hudson, NJ",34017,607992
"Hunterdon, NJ",34019,126205
"Mercer, NJ",34021,356098
"Middlesex, NJ",34023,765867
"Monmouth, NJ",34025,630674
"Morris, NJ",34027,476453
"Ocean, NJ",34029,536601
"Passaic, NJ",34031,493054
"Salem, NJ",34033,64516
"Somerset, NJ",34035,306377
"Sussex, NJ",34037,147936
"Union, NJ",34039,526154
"Warren, NJ",34041,106955
NEW MEXICO,35000,1850035
"Bernalillo, NM",35001,573726
"Catron, NM",35003,3450
"Chaves, NM",35005,60484
"Cibola, NM",35006,26695
"Colfax, NM",35007,14039
"Curry, NM",35009,44711
"De Baca, NM",35011,2115
"Dona Ana, NM",35013,178473
"Eddy, NM",35015,50838
"Grant, NM",35017,30195
"Guadalupe, NM",35019,4659
"Harding, NM",35021,740
"Hidalgo, NM",35023,5281
"Lea, NM",35025,55422
"Lincoln, NM",35027,19621
"Los Alamos, NM",35028,18148
"Luna, NM",35029,25085
"McKinley, NM",35031,72921
"Mora, NM",35033,5186
"Otero, NM",35035,61540
"Quay, NM",35037,9684
"Rio Arriba, NM",35039,40902
"Roosevelt, NM",35041,18532
"Sandoval, NM",35043,95680
"San Juan, NM",35045,118277
"San Miguel, NM",35047,29482
"Santa Fe, NM",35049,134577
"Sierra, NM",35051,12896
"Socorro, NM",35053,17869
"Taos, NM",35055,30591
"Torrance, NM",35057,16544
"Union, NM",35059,3952
"Valencia, NM",35061,67720
NEW YORK,36000,19161873
"Albany, NY",36001,296644
"Allegany, NY",36003,50103
"Bronx, NY",36005,1348285
"Broome, NY",36007,199714
"Cattaraugus, NY",36009,83126
"Cayuga, NY",36011,81240
"Chautauqua, NY",36013,137989
"Chemung, NY",36015,90409
"Chenango, NY",36017,51166
"Clinton, NY",36019,80525
"Columbia, NY",36021,62847
"Cortland, NY",36023,48410
"Delaware, NY",36025,47099
"Dutchess, NY",36027,286769
"Erie, NY",36029,940645
"Essex, NY",36031,38717
"Franklin, NY",36033,50558
"Fulton, NY",36035,54874
"Genesee, NY",36037,59647
"Greene, NY",36039,48226
"Hamilton, NY",36041,5252
"Herkimer, NY",36043,63388
"Jefferson, NY",36045,113936
"Kings, NY",36047,2477380
"Lewis, NY",36049,26411
"Livingston, NY",36051,64194
"Madison, NY",36053,69491
"Monroe, NY",36055,738876
"Montgomery, NY",36057,49006
"Nassau, NY",36059,1349668
"New York, NY",36061,1567241
"Niagara, NY",36063,217723
"Oneida, NY",36065,233014
"Onondaga, NY",36067,457085
"Ontario, NY",36069,101539
"Orange, NY",36071,355221
"Orleans, NY",36073,43399
"Oswego, NY",36075,122278
"Otsego, NY",36077,61776
"Putnam, NY",36079,98187
"Queens, NY",36081,2239457
"Rensselaer, NY",36083,152206
"Richmond, NY",36085,460386
"Rockland, NY",36087,290035
"St. Lawrence, NY",36089,110686
"Saratoga, NY",36091,206672
"Schenectady, NY",36093,146612
"Schoharie, NY",36095,31618
"Schuyler, NY",36097,19268
"Seneca, NY",36099,34730
"Steuben, NY",36101,98996
"Suffolk, NY",36103,1468240
"Sullivan, NY",36105,74063
"Tioga, NY",36107,51576
"Tompkins, NY",36109,98393
"Ulster, NY",36111,179721
"Warren, NY",36113,63979
"Washington, NY",36115,61022
"Wayne, NY",36117,93112
"Westchester, NY",36119,941747
"Wyoming, NY",36121,42791
"Yates, NY",36123,24505
NORTH CAROLINA,37000,8316617
"Alamance, NC",37001,135314
"Alexander, NC",37003,34368
"Alleghany, NC",37005,10736
"Anson, NC",37007,25265
"Ashe, NC",37009,24747
"Avery, NC",37011,17808
"Beaufort, NC",37013,45026
"Bertie, NC",37015,19388
"Bladen, NC",37017,32235
"Brunswick, NC",37019,78520
"Buncombe, NC",37021,210717
"Burke, NC",37023,89031
"Cabarrus, NC",37025,139411
"Caldwell, NC",37027,78512
"Camden, NC",37029,7382
"Carteret, NC",37031,60121
"Caswell, NC",37033,23576
"Catawba, NC",37035,146272
"Chatham, NC",37037,54173
"Cherokee, NC",37039,24670
"Chowan, NC",37041,14241
"Clay, NC",37043,9220
"Cleveland, NC",37045,97435
"Columbus, NC",37047,54445
"Craven, NC",37049,92744
"Cumberland, NC",37051,306619
"Currituck, NC",37053,19466
"Dare, NC",37055,32034
"Davidson, NC",37057,150395
"Davie, NC",37059,36538
"Duplin, NC",37061,50342
"Durham, NC",37063,234451
"Edgecombe, NC",37065,54643
"Forsyth, NC",37067,316853
"Franklin, NC",37069,50623
"Gaston, NC",37071,192564
"Gates, NC",37073,10545
"Graham, NC",37075,8021
"Granville, NC",37077,51660
"Greene, NC",37079,19376
"Guilford, NC",37081,431224
"Halifax, NC",37083,56345
"Harnett, NC",37085,96526
"Haywood, NC",37087,54912
"Henderson, NC",37089,92328
"Hertford, NC",37091,23680
"Hoke, NC",37093,35785
"Hyde, NC",37095,5702
"Iredell, NC",37097,130315
"Jackson, NC",37099,34063
"Johnston, NC",37101,132422
"Jones, NC",37103,10172
"Lee, NC",37105,51724
"Lenoir, NC",37107,58526
"Lincoln, NC",37109,66046
"McDowell, NC",37111,42679
"Macon, NC",37113,30753
"Madison, NC",37115,19853
"Martin, NC",37117,24904
"Mecklenburg, NC",37119,737512
"Mitchell, NC",37121,15844
"Montgomery, NC",37123,27028
"Moore, NC",37125,77579
"Nash, NC",37127,88716
"New Hanover, NC",37129,167101
"Northampton, NC",37131,21636
"Onslow, NC",37133,153280
"Orange, NC",37135,116943
"Pamlico, NC",37137,12773
"Pasquotank, NC",37139,35516
"Pender, NC",37141,42565
"Perquimans, NC",37143,11470
"Person, NC",37145,36384
"Pitt, NC",37147,137693
"Polk, NC",37149,18642
"Randolph, NC",37151,133166
"Richmond, NC",37153,46501
"Robeson, NC",37155,123945
"Rockingham, NC",37157,92421
"Rowan, NC",37159,133347
"Rutherford, NC",37161,62969
"Sampson, NC",37163,61024
"Scotland, NC",37165,35527
"Stanly, NC",37167,58512
"Stokes, NC",37169,44827
"Surry, NC",37171,71900
"Swain, NC",37173,13017
"Transylvania, NC",37175,29378
"Tyrrell, NC",37177,4155
"Union, NC",37179,138218
"Vance, NC",37181,43537
"Wake, NC",37183,680443
"Warren, NC",37185,19832
"Washington, NC",37187,13366
"Watauga, NC",37189,43413
"Wayne, NC",37191,112804
"Wilkes, NC",37193,66518
"Wilson, NC",37195,74662
"Yadkin, NC",37197,37162
"Yancey, NC",37199,17845
NORTH DAKOTA,38000,633617
"Adams, ND",38001,2488
"Barnes, ND",38003,11220
"Benson, ND",38005,6798
"Billings, ND",38007,860
"Bottineau, ND",38009,6820
"Bowman, ND",38011,3052
"Burke, ND",38013,2103
"Burleigh, ND",38015,71021
"Cass, ND",38017,126054
"Cavalier, ND",38019,4543
"Dickey, ND",38021,5587
"Divide, ND",38023,2183
"Dunn, ND",38025,3498
"Eddy, ND",38027,2627
"Emmons, ND",38029,4064
"Foster, ND",38031,3560
"Golden Valley, ND",38033,1822
"Grand Forks, ND",38035,65292
"Grant, ND",38037,2709
"Griggs, ND",38039,2579
"Hettinger, ND",38041,2577
"Kidder, ND",38043,2541
"LaMoure, ND",38045,4533
"Logan, ND",38047,2185
"McHenry, ND",38049,5719
"McIntosh, ND",38051,3210
"McKenzie, ND",38053,5610
"McLean, ND",38055,8945
"Mercer, ND",38057,8424
"Morton, ND",38059,25063
"Mountrail, ND",38061,6475
"Nelson, ND",38063,3448
"Oliver, ND",38065,1921
"Pembina, ND",38067,8181
"Pierce, ND",38069,4495
"Ramsey, ND",38071,11782
"Ransom, ND",38073,5814
"Renville, ND",38075,2514
"Richland, ND",38077,17379
"Rolette, ND",38079,13682
"Sargent, ND",38081,4244
"Sheridan, ND",38083,1565
"Sioux, ND",38085,4052
"Slope, ND",38087,727
"Stark, ND",38089,22152
"Steele, ND",38091,2095
"Stutsman, ND",38093,21367
"Towner, ND",38095,2703
"Traill, ND",38097,8246
"Walsh, ND",38099,11778
"Ward, ND",38101,57128
"Wells, ND",38103,4766
"Williams, ND",38105,19416
OHIO,39000,11420981
"Adams, OH",39001,27705
"Allen, OH",39003,107845
"Ashland, OH",39005,53045
"Ashtabula, OH",39007,102609
"Athens, OH",39009,63055
"Auglaize, OH",39011,46391
"Belmont, OH",39013,69663
"Brown, OH",39015,43201
"Butler, OH",39017,338958
"Carroll, OH",39019,29100
"Champaign, OH",39021,39134
"Clark, OH",39023,143412
"Clermont, OH",39025,182539
"Clinton, OH",39027,41220
"Columbiana, OH",39029,111061
"Coshocton, OH",39031,36858
"Crawford, OH",39033,46173
"Cuyahoga, OH",39035,1369224
"Darke, OH",39037,52833
"Defiance, OH",39039,39124
"Delaware, OH",39041,127011
"Erie, OH",39043,78644
"Fairfield, OH",39045,128860
"Fayette, OH",39047,28152
"Franklin, OH",39049,1087369
"Fulton, OH",39051,42212
"Gallia, OH",39053,31074
"Geauga, OH",39055,93341
"Greene, OH",39057,151507
"Guernsey, OH",39059,40952
"Hamilton, OH",39061,848344
"Hancock, OH",39063,72528
"Hardin, OH",39065,31693
"Harrison, OH",39067,15775
"Henry, OH",39069,29238
"Highland, OH",39071,41537
"Hocking, OH",39073,28511
"Holmes, OH",39075,40331
"Huron, OH",39077,59884
"Jackson, OH",39079,32892
"Jefferson, OH",39081,71945
"Knox, OH",39083,56124
"Lake, OH",39085,230735
"Lawrence, OH",39087,61871
"Licking, OH",39089,148436
"Logan, OH",39091,46225
"Lorain, OH",39093,289327
"Lucas, OH",39095,460915
"Madison, OH",39097,40353
"Mahoning, OH",39099,252205
"Marion, OH",39101,65878
"Medina, OH",39103,157925
"Meigs, OH",39105,23103
"Mercer, OH",39107,40774
"Miami, OH",39109,99229
"Monroe, OH",39111,14845
"Montgomery, OH",39113,552367
"Morgan, OH",39115,14679
"Morrow, OH",39117,32868
"Muskingum, OH",39119,85064
"Noble, OH",39121,13955
"Ottawa, OH",39123,40917
"Paulding, OH",39125,19807
"Perry, OH",39127,34455
"Pickaway, OH",39129,51548
"Pike, OH",39131,27903
"Portage, OH",39133,153684
"Preble, OH",39135,42313
"Putnam, OH",39137,34615
"Richland, OH",39139,128068
"Ross, OH",39141,73895
"Sandusky, OH",39143,61695
"Scioto, OH",39145,77906
"Seneca, OH",39147,57934
"Shelby, OH",39149,48259
"Stark, OH",39151,378772
"Summit, OH",39153,545922
"Trumbull, OH",39155,222233
"Tuscarawas, OH",39157,91385
"Union, OH",39159,42899
"Van Wert, OH",39161,29251
"Vinton, OH",39163,13015
"Warren, OH",39165,173787
"Washington, OH",39167,62415
"Wayne, OH",39169,112576
"Williams, OH",39171,38919
"Wood, OH",39173,122208
"Wyandot, OH",39175,22772
OKLAHOMA,40000,3484754
"Adair, OK",40001,21179
"Alfalfa, OK",40003,5886
"Atoka, OK",40005,13987
"Beaver, OK",40007,5564
"Beckham, OK",40009,19849
"Blaine, OK",40011,11628
"Bryan, OK",40013,36768
"Caddo, OK",40015,29828
"Canadian, OK",40017,90699
"Carter, OK",40019,45887
"Cherokee, OK",40021,43518
"Choctaw, OK",40023,15248
"Cimarron, OK",40025,2974
"Cleveland, OK",40027,215733
"Coal, OK",40029,5931
"Comanche, OK",40031,112009
"Cotton, OK",40033,6375
"Craig, OK",40035,14742
"Creek, OK",40037,68346
"Custer, OK",40039,25195
"Delaware, OK",40041,37935
"Dewey, OK",40043,4513
"Ellis, OK",40045,3954
"Garfield, OK",40047,57115
"Garvin, OK",40049,27040
"Grady, OK",40051,46620
"Grant, OK",40053,4931
"Greer, OK",40055,5861
"Harmon, OK",40057,3050
"Harper, OK",40059,3414
"Haskell, OK",40061,11728
"Hughes, OK",40063,13934
"Jackson, OK",40065,27347
"Jefferson, OK",40067,6508
"Johnston, OK",40069,10386
"Kay, OK",40071,47529
"Kingfisher, OK",40073,13816
"Kiowa, OK",40075,9949
"Latimer, OK",40077,10577
"Le Flore, OK",40079,48337
"Lincoln, OK",40081,32090
"Logan, OK",40083,34703
"Love, OK",40085,8793
"McClain, OK",40087,28018
"McCurtain, OK",40089,33915
"McIntosh, OK",40091,19501
"Major, OK",40093,7474
"Marshall, OK",40095,13533
"Mayes, OK",40097,38476
"Murray, OK",40099,12581
"Muskogee, OK",40101,69508
"Noble, OK",40103,11266
"Nowata, OK",40105,10552
"Okfuskee, OK",40107,11569
"Oklahoma, OK",40109,672324
"Okmulgee, OK",40111,39515
"Osage, OK",40113,44877
"Ottawa, OK",40115,32625
"Pawnee, OK",40117,16732
"Payne, OK",40119,72926
"Pittsburg, OK",40121,43767
"Pontotoc, OK",40123,35010
"Pottawatomie, OK",40125,66614
"Pushmataha, OK",40127,11607
"Roger Mills, OK",40129,3195
"Rogers, OK",40131,74960
"Seminole, OK",40133,24193
"Sequoyah, OK",40135,39401
"Stephens, OK",40137,42460
"Texas, OK",40139,20014
"Tillman, OK",40141,8810
"Tulsa, OK",40143,570207
"Wagoner, OK",40145,60178
"Washington, OK",40147,48988
"Washita, OK",40149,11263
"Woods, OK",40151,8837
"Woodward, OK",40153,18382
OREGON,41000,3517111
"Baker, OR",41001,16351
"Benton, OR",41003,79622
"Clackamas, OR",41005,351647
"Clatsop, OR",41007,35606
"Columbia, OR",41009,45146
"Coos, OR",41011,62234
"Crook, OR",41013,20064
"Curry, OR",41015,21373
"Deschutes, OR",41017,125468
"Douglas, OR",41019,100579
"Gilliam, OR",41021,1827
"Grant, OR",41023,7327
"Harney, OR",41025,7231
"Hood River, OR",41027,20597
"Jackson, OR",41029,186567
"Jefferson, OR",41031,19560
"Josephine, OR",41033,77413
"Klamath, OR",41035,64097
"Lake, OR",41037,7321
"Lane, OR",41039,327394
"Lincoln, OR",41041,44341
"Linn, OR",41043,104645
"Malheur, OR",41045,31315
"Marion, OR",41047,293537
"Morrow, OR",41049,11413
"Multnomah, OR",41051,676417
"Polk, OR",41053,64765
"Sherman, OR",41055,1756
"Tillamook, OR",41057,24345
"Umatilla, OR",41059,71769
"Union, OR",41061,24470
"Wallowa, OR",41063,7018
"Wasco, OR",41065,23487
"Washington, OR",41067,471401
"Wheeler, OR",41069,1522
"Yamhill, OR",41071,87486
PENNSYLVANIA,42000,12326302
"Adams, PA",42001,94242
"Allegheny, PA",42003,1265422
"Armstrong, PA",42005,71455
"Beaver, PA",42007,178611
"Bedford, PA",42009,49763
"Berks, PA",42011,380629
"Blair, PA",42013,127346
"Bradford, PA",42015,62326
"Bucks, PA",42017,607465
"Butler, PA",42019,177504
"Cambria, PA",42021,149851
"Cameron, PA",42023,5804
"Carbon, PA",42025,59549
"Centre, PA",42027,139341
"Chester, PA",42029,448746
"Clarion, PA",42031,41068
"Clearfield, PA",42033,82960
"Clinton, PA",42035,37521
"Columbia, PA",42037,64354
"Crawford, PA",42039,89950
"Cumberland, PA",42041,217291
"Dauphin, PA",42043,252616
"Delaware, PA",42045,552588
"Elk, PA",42047,34362
"Erie, PA",42049,281920
"Fayette, PA",42051,146177
"Forest, PA",42053,4995
"Franklin, PA",42055,131257
"Fulton, PA",42057,14277
"Greene, PA",42059,40253
"Huntingdon, PA",42061,45633
"Indiana, PA",42063,88879
"Jefferson, PA",42065,45477
"Juniata, PA",42067,22817
"Lackawanna, PA",42069,210800
"Lancaster, PA",42071,478078
"Lawrence, PA",42073,93715
"Lebanon, PA",42075,121313
"Lehigh, PA",42077,316676
"Luzerne, PA",42079,313764
"Lycoming, PA",42081,118523
"McKean, PA",42083,45346
"Mercer, PA",42085,119310
"Mifflin, PA",42087,46416
"Monroe, PA",42089,148277
"Montgomery, PA",42091,763218
"Montour, PA",42093,18118
"Northampton, PA",42095,273141
"Northumberland, PA",42097,93063
"Perry, PA",42099,43804
"Philadelphia, PA",42101,1510550
"Pike, PA",42103,49712
"Potter, PA",42105,18118
"Schuylkill, PA",42107,148458
"Snyder, PA",42109,37795
"Somerset, PA",42111,79411
"Sullivan, PA",42113,6512
"Susquehanna, PA",42115,41744
"Tioga, PA",42117,41458
"Union, PA",42119,42037
"Venango, PA",42121,56623
"Warren, PA",42123,42966
"Washington, PA",42125,202968
"Wayne, PA",42127,48292
"Westmoreland, PA",42129,366836
"Wyoming, PA",42131,27926
"York, PA",42133,388885
RHODE ISLAND,44000,1066034
"Bristol, RI",44001,51076
"Kent, RI",44003,169826
"Newport, RI",44005,85509
"Providence, RI",44007,632849
"Washington, RI",44009,126774
SOUTH CAROLINA,45000,4103934
"Abbeville, SC",45001,26202
"Aiken, SC",45003,144706
"Allendale, SC",45005,11003
"Anderson, SC",45007,169920
"Bamberg, SC",45009,16266
"Barnwell, SC",45011,23199
"Beaufort, SC",45013,128547
"Berkeley, SC",45015,145904
"Calhoun, SC",45017,15139
"Charleston, SC",45019,320050
"Cherokee, SC",45021,53333
"Chester, SC",45023,33873
"Chesterfield, SC",45025,42990
"Clarendon, SC",45027,32694
"Colleton, SC",45029,38606
"Darlington, SC",45031,67697
"Dillon, SC",45033,30791
"Dorchester, SC",45035,100589
"Edgefield, SC",45037,24639
"Fairfield, SC",45039,23749
"Florence, SC",45041,127007
"Georgetown, SC",45043,57686
"Greenville, SC",45045,391087
"Greenwood, SC",45047,67055
"Hampton, SC",45049,21134
"Horry, SC",45051,206280
"Jasper, SC",45053,20873
"Kershaw, SC",45055,53470
"Lancaster, SC",45057,64857
"Laurens, SC",45059,69724
"Lee, SC",45061,20102
"Lexington, SC",45063,222218
"McCormick, SC",45065,10133
"Marion, SC",45067,34860
"Marlboro, SC",45069,28470
"Newberry, SC",45071,36592
"Oconee, SC",45073,67713
"Orangeburg, SC",45075,91138
"Pickens, SC",45077,111596
"Richland, SC",45079,329835
"Saluda, SC",45081,19043
"Spartanburg, SC",45083,259155
"Sumter, SC",45085,104901
"Union, SC",45087,29252
"Williamsburg, SC",45089,36127
"York, SC",45091,173729
SOUTH DAKOTA,46000,762107
"Aurora, SD",46003,2921
"Beadle, SD",46005,16522
"Bennett, SD",46007,3501
"Bon Homme, SD",46009,7093
"Brookings, SD",46011,28539
"Brown, SD",46013,34904
"Brule, SD",46015,5144
"Buffalo, SD",46017,2032
"Butte, SD",46019,8973
"Campbell, SD",46021,1704
"Charles Mix, SD",46023,9147
"Clark, SD",46025,3941
"Clay, SD",46027,13413
"Codington, SD",46029,25873
"Corson, SD",46031,4224
"Custer, SD",46033,7474
"Davison, SD",46035,18727
"Day, SD",46037,6023
"Deuel, SD",46039,4430
"Dewey, SD",46041,6030
"Douglas, SD",46043,3338
"Edmunds, SD",46045,4212
"Fall River, SD",46047,7262
"Faulk, SD",46049,2494
"Grant, SD",46051,7622
"Gregory, SD",46053,4482
"Haakon, SD",46055,2075
"Hamlin, SD",46057,5543
"Hand, SD",46059,3548
"Hanson, SD",46061,3335
"Harding, SD",46063,1283
"Hughes, SD",46065,16551
"Hutchinson, SD",46067,7774
"Hyde, SD",46069,1552
"Jackson, SD",46071,2799
"Jerauld, SD",46073,2199
"Jones, SD",46075,1124
"Kingsbury, SD",46077,5579
"Lake, SD",46079,11108
"Lawrence, SD",46081,21696
"Lincoln, SD",46083,27722
"Lyman, SD",46085,3899
"McCook, SD",46087,5787
"McPherson, SD",46089,2769
"Marshall, SD",46091,4341
"Meade, SD",46093,24404
"Mellette, SD",46095,2045
"Miner, SD",46097,2750
"Minnehaha, SD",46099,155817
"Moody, SD",46101,6504
"Pennington, SD",46103,90831
"Perkins, SD",46105,3242
"Potter, SD",46107,2499
"Roberts, SD",46109,9841
"Sanborn, SD",46111,2569
"Shannon, SD",46113,12982
"Spink, SD",46115,7090
"Stanley, SD",46117,2699
"Sully, SD",46119,1482
"Todd, SD",46121,9369
"Tripp, SD",46123,6234
"Turner, SD",46125,8569
"Union, SD",46127,12815
"Walworth, SD",46129,5662
"Yankton, SD",46135,21482
"Ziebach, SD",46137,2512
TENNESSEE,47000,5803306
"Anderson, TN",47001,71354
"Bedford, TN",47003,39185
"Benton, TN",47005,16479
"Bledsoe, TN",47007,12457
"Blount, TN",47009,109512
"Bradley, TN",47011,89557
"Campbell, TN",47013,39839
"Cannon, TN",47015,12961
"Carroll, TN",47017,29215
"Carter, TN",47019,56830
"Cheatham, TN",47021,36940
"Chester, TN",47023,15857
"Claiborne, TN",47025,30038
"Clay, TN",47027,7945
"Cocke, TN",47029,33982
"Coffee, TN",47031,49013
"Crockett, TN",47033,14462
"Cumberland, TN",47035,48597
"Davidson, TN",47037,581978
"Decatur, TN",47039,11604
"DeKalb, TN",47041,17734
"Dickson, TN",47043,44344
"Dyer, TN",47045,37068
"Fayette, TN",47047,31016
"Fentress, TN",47049,16818
"Franklin, TN",47051,39964
"Gibson, TN",47053,47908
"Giles, TN",47055,29365
"Grainger, TN",47057,21077
"Greene, TN",47059,63426
"Grundy, TN",47061,14256
"Hamblen, TN",47063,58395
"Hamilton, TN",47065,314524
"Hancock, TN",47067,6748
"Hardeman, TN",47069,28071
"Hardin, TN",47071,25811
"Hawkins, TN",47073,54505
"Haywood, TN",47075,19547
"Henderson, TN",47077,25767
"Henry, TN",47079,31258
"Hickman, TN",47081,23050
"Houston, TN",47083,7985
"Humphreys, TN",47085,17935
"Jackson, TN",47087,11092
"Jefferson, TN",47089,45737
"Johnson, TN",47091,17720
"Knox, TN",47093,392935
"Lake, TN",47095,7882
"Lauderdale, TN",47097,27075
"Lawrence, TN",47099,40492
"Lewis, TN",47101,11393
"Lincoln, TN",47103,31616
"Loudon, TN",47105,40741
"McMinn, TN",47107,50052
"McNairy, TN",47109,24581
"Macon, TN",47111,20771
"Madison, TN",47113,93483
"Marion, TN",47115,27806
"Marshall, TN",47117,27291
"Maury, TN",47119,71265
"Meigs, TN",47121,11249
"Monroe, TN",47123,40234
"Montgomery, TN",47125,136811
"Moore, TN",47127,5911
"Morgan, TN",47129,19994
"Obion, TN",47131,32229
"Overton, TN",47133,20210
"Perry, TN",47135,7543
"Pickett, TN",47137,5019
"Polk, TN",47139,16007
"Putnam, TN",47141,64205
"Rhea, TN",47143,28829
"Roane, TN",47145,52094
"Robertson, TN",47147,56954
"Rutherford, TN",47149,196074
"Scott, TN",47151,21532
"Sequatchie, TN",47153,11772
"Sevier, TN",47155,74398
"Shelby, TN",47157,902605
"Smith, TN",47159,18096
"Stewart, TN",47161,12679
"Sullivan, TN",47163,152605
"Sumner, TN",47165,136009
"Tipton, TN",47167,53064
"Trousdale, TN",47169,7287
"Unicoi, TN",47171,17612
"Union, TN",47173,18402
"Van Buren, TN",47175,5491
"Warren, TN",47177,38691
"Washington, TN",47179,109294
"Wayne, TN",47181,16965
"Weakley, TN",47183,34208
"White, TN",47185,23554
"Williamson, TN",47187,136335
"Wilson, TN",47189,93035
TEXAS,48000,21710788
"Anderson, TX",48001,54365
"Andrews, TX",48003,12887
"Angelina, TX",48005,80263
"Aransas, TX",48007,23007
"Archer, TX",48009,8882
"Armstrong, TX",48011,2071
"Atascosa, TX",48013,40823
"Austin, TX",48015,24580
"Bailey, TX",48017,6448
"Bandera, TX",48019,18731
"Bastrop, TX",48021,63774
"Baylor, TX",48023,3900
"Bee, TX",48025,31972
"Bell, TX",48027,248009
"Bexar, TX",48029,1439835
"Blanco, TX",48031,8702
"Borden, TX",48033,681
"Bosque, TX",48035,17416
"Bowie, TX",48037,89190
"Brazoria, TX",48039,255306
"Brazos, TX",48041,156870
"Brewster, TX",48043,9097
"Briscoe, TX",48045,1683
"Brooks, TX",48047,7675
"Brown, TX",48049,37813
"Burleson, TX",48051,16561
"Burnet, TX",48053,37305
"Caldwell, TX",48055,34692
"Calhoun, TX",48057,20381
"Callahan, TX",48059,12800
"Cameron, TX",48061,349544
"Camp, TX",48063,11647
"Carson, TX",48065,6488
"Cass, TX",48067,29868
"Castro, TX",48069,7897
"Chambers, TX",48071,26967
"Cherokee, TX",48073,46671
"Childress, TX",48075,7544
"Clay, TX",48077,11321
"Cochran, TX",48079,3487
"Coke, TX",48081,3757
"Coleman, TX",48083,8858
"Collin, TX",48085,568810
"Collingsworth, TX",48087,3101
"Colorado, TX",48089,20363
"Comal, TX",48091,84247
"Comanche, TX",48093,13498
"Concho, TX",48095,3818
"Cooke, TX",48097,37457
"Coryell, TX",48099,73341
"Cottle, TX",48101,1738
"Crane, TX",48103,3867
"Crockett, TX",48105,3858
"Crosby, TX",48107,6854
"Culberson, TX",48109,2812
"Dallam, TX",48111,6094
"Dallas, TX",48113,2280415
"Dawson, TX",48115,14411
"Deaf Smith, TX",48117,18259
"Delta, TX",48119,5432
"Denton, TX",48121,489526
"DeWitt, TX",48123,19977
"Dickens, TX",48125,2698
"Dimmit, TX",48127,10055
"Donley, TX",48129,3849
"Duval, TX",48131,12760
"Eastland, TX",48133,18178
"Ector, TX",48135,121768
"Edwards, TX",48137,2016
"Ellis, TX",48139,119498
"El Paso, TX",48141,688771
"Erath, TX",48143,33315
"Falls, TX",48145,17850
"Fannin, TX",48147,31588
"Fayette, TX",48149,22274
"Fisher, TX",48151,4202
"Floyd, TX",48153,7290
"Foard, TX",48155,1550
"Fort Bend, TX",48157,396554
"Franklin, TX",48159,9624
"Freestone, TX",48161,18314
"Frio, TX",48163,16294
"Gaines, TX",48165,14074
"Galveston, TX",48167,260102
"Garza, TX",48169,4982
"Gillespie, TX",48171,21543
"Glasscock, TX",48173,1332
"Goliad, TX",48175,7009
"Gonzales, TX",48177,18850
"Gray, TX",48179,21762
"Grayson, TX",48181,113256
"Gregg, TX",48183,112403
"Grimes, TX",48185,24634
"Guadalupe, TX",48187,94132
"Hale, TX",48189,35460
"Hall, TX",48191,3712
"Hamilton, TX",48193,7960
"Hansford, TX",48195,5195
"Hardeman, TX",48197,4496
"Hardin, TX",48199,48863
"Harris, TX",48201,3557879
"Harrison, TX",48203,62003
"Hartley, TX",48205,5095
"Haskell, TX",48207,5712
"Hays, TX",48209,111935
"Hemphill, TX",48211,3300
"Henderson, TX",48213,75046
"Hidalgo, TX",48215,607449
"Hill, TX",48217,33349
"Hockley, TX",48219,22575
"Hood, TX",48221,43635
"Hopkins, TX",48223,32266
"Houston, TX",48225,22980
"Howard, TX",48227,32970
"Hudspeth, TX",48229,3312
"Hunt, TX",48231,79774
"Hutchinson, TX",48233,23023
"Irion, TX",48235,1740
"Jack, TX",48237,8825
"Jackson, TX",48239,14229
"Jasper, TX",48241,35465
"Jeff Davis, TX",48243,2180
"Jefferson, TX",48245,248274
"Jim Hogg, TX",48247,5152
"Jim Wells, TX",48249,39939
"Johnson, TX",48251,134816
"Jones, TX",48253,19977
"Karnes, TX",48255,15229
"Kaufman, TX",48257,77743
"Kendall, TX",48259,25169
"Kenedy, TX",48261,420
"Kent, TX",48263,802
"Kerr, TX",48265,44654
"Kimble, TX",48267,4498
"King, TX",48269,309
"Kinney, TX",48271,3397
"Kleberg, TX",48273,31194
"Knox, TX",48275,3950
"Lamar, TX",48277,48752
"Lamb, TX",48279,14525
"Lampasas, TX",48281,18682
"La Salle, TX",48283,5828
"Lavaca, TX",48285,18930
"Lee, TX",48287,16135
"Leon, TX",48289,15755
"Liberty, TX",48291,73264
"Limestone, TX",48293,22273
"Lipscomb, TX",48295,2996
"Live Oak, TX",48297,11919
"Llano, TX",48299,17707
"Loving, TX",48301,66
"Lubbock, TX",48303,248910
"Lynn, TX",48305,6367
"McCulloch, TX",48307,7838
"McLennan, TX",48309,217272
"McMullen, TX",48311,827
"Madison, TX",48313,12741
"Marion, TX",48315,10933
"Martin, TX",48317,4635
"Mason, TX",48319,3742
"Matagorda, TX",48321,37795
"Maverick, TX",48323,48315
"Medina, TX",48325,40486
"Menard, TX",48327,2326
"Midland, TX",48329,116953
"Milam, TX",48331,24893
"Mills, TX",48333,5055
"Mitchell, TX",48335,9416
"Montague, TX",48337,19115
"Montgomery, TX",48339,326872
"Moore, TX",48341,19947
"Morris, TX",48343,13102
"Motley, TX",48345,1331
"Nacogdoches, TX",48347,59508
"Navarro, TX",48349,46631
"Newton, TX",48351,14773
"Nolan, TX",48353,15048
"Nueces, TX",48355,312891
"Ochiltree, TX",48357,9013
"Oldham, TX",48359,2127
"Orange, TX",48361,83882
"Palo Pinto, TX",48363,27056
"Panola, TX",48365,22845
"Parker, TX",48367,93961
"Parmer, TX",48369,9825
"Pecos, TX",48371,16284
"Polk, TX",48373,44136
"Potter, TX",48375,115809
"Presidio, TX",48377,7492
"Rains, TX",48379,10057
"Randall, TX",48381,105859
"Reagan, TX",48383,3116
"Real, TX",48385,2943
"Red River, TX",48387,13927
"Reeves, TX",48389,12415
"Refugio, TX",48391,7632
"Roberts, TX",48393,847
"Robertson, TX",48395,15840
"Rockwall, TX",48397,50819
"Runnels, TX",48399,10958
"Rusk, TX",48401,47406
"Sabine, TX",48403,10401
"San Augustine, TX",48405,8874
"San Jacinto, TX",48407,23154
"San Patricio, TX",48409,66960
"San Saba, TX",48411,6049
"Schleicher, TX",48413,2899
"Scurry, TX",48415,15864
"Shackelford, TX",48417,3323
"Shelby, TX",48419,25458
"Sherman, TX",48421,3140
"Smith, TX",48423,180546
"Somervell, TX",48425,7092
"Starr, TX",48427,55862
"Stephens, TX",48429,9354
"Sterling, TX",48431,1357
"Stonewall, TX",48433,1473
"Sutton, TX",48435,4073
"Swisher, TX",48437,8017
"Tarrant, TX",48439,1523284
"Taylor, TX",48441,125341
"Terrell, TX",48443,1019
"Terry, TX",48445,12476
"Throckmorton, TX",48447,1739
"Titus, TX",48449,28064
"Tom Green, TX",48451,104041
"Travis, TX",48453,852965
"Trinity, TX",48455,13963
"Tyler, TX",48457,20559
"Upshur, TX",48459,36536
"Upton, TX",48461,3232
"Uvalde, TX",48463,26423
"Val Verde, TX",48465,45480
"Van Zandt, TX",48467,49947
"Victoria, TX",48469,84867
"Walker, TX",48471,61656
"Waller, TX",48473,33960
"Ward, TX",48475,10351
"Washington, TX",48477,30735
"Webb, TX",48479,205096
"Wharton, TX",48481,40937
"Wheeler, TX",48483,4971
"Wichita, TX",48485,130128
"Wilbarger, TX",48487,14273
"Willacy, TX",48489,19823
"Williamson, TX",48491,289810
"Wilson, TX",48493,33974
"Winkler, TX",48495,6899
"Wise, TX",48497,52500
"Wood, TX",48499,37916
"Yoakum, TX",48501,7177
"Young, TX",48503,17601
"Zapata, TX",48505,12636
"Zavala, TX",48507,11586
UTAH,49000,2334473
"Beaver, UT",49001,6040
"Box Elder, UT",49003,44522
"Cache, UT",49005,97277
"Carbon, UT",49007,19745
"Daggett, UT",49009,888
"Davis, UT",49011,249835
"Duchesne, UT",49013,14796
"Emery, UT",49015,10553
"Garfield, UT",49017,4550
"Grand, UT",49019,8716
"Iron, UT",49021,35648
"Juab, UT",49023,8473
"Kane, UT",49025,5994
"Millard, UT",49027,12222
"Morgan, UT",49029,7400
"Piute, UT",49031,1387
"Rich, UT",49033,1928
"Salt Lake, UT",49035,924534
"San Juan, UT",49037,13776
"Sanpete, UT",49039,23230
"Sevier, UT",49041,18948
"Summit, UT",49043,31763
"Tooele, UT",49045,45577
"Uintah, UT",49047,26173
"Utah, UT",49049,397269
"Wasatch, UT",49051,16735
"Washington, UT",49053,99432
"Wayne, UT",49055,2514
"Weber, UT",49057,204548
VERMONT,50000,614950
"Addison, VT",50001,36288
"Bennington, VT",50003,36938
"Caledonia, VT",50005,29872
"Chittenden, VT",50007,148795
"Essex, VT",50009,6525
"Franklin, VT",50011,46472
"Grand Isle, VT",50013,7244
"Lamoille, VT",50015,23925
"Orange, VT",50017,28653
"Orleans, VT",50019,26561
"Rutland, VT",50021,63246
"Washington, VT",50023,58768
"Windham, VT",50025,43985
"Windsor, VT",50027,57678
VIRGINIA,51000,7283541
"Accomack, VA",51001,38593
"Albemarle, VA",51003,86366
"Alleghany, VA",51005,16914
"Amelia, VA",51007,11622
"Amherst, VA",51009,31756
"Appomattox, VA",51011,13668
"Arlington, VA",51013,195469
"Augusta, VA",51015,66476
"Bath, VA",51017,4996
"Bedford, VA",51019,61356
"Bland, VA",51021,6826
"Botetourt, VA",51023,31058
"Brunswick, VA",51025,18256
"Buchanan, VA",51027,25945
"Buckingham, VA",51029,15674
"Campbell, VA",51031,51397
"Caroline, VA",51033,22496
"Carroll, VA",51035,29221
"Charles City, VA",51036,7023
"Charlotte, VA",51037,12467
"Chesterfield, VA",51041,269390
"Clarke, VA",51043,13091
"Craig, VA",51045,5046
"Culpeper, VA",51047,36663
"Cumberland, VA",51049,9045
"Dickenson, VA",51051,16134
"Dinwiddie, VA",51053,24650
"Essex, VA",51057,10093
"Fairfax, VA",51059,989551
"Fauquier, VA",51061,59224
"Floyd, VA",51063,14163
"Fluvanna, VA",51065,22070
"Franklin, VA",51067,48268
"Frederick, VA",51069,62796
"Giles, VA",51071,16806
"Gloucester, VA",51073,35656
"Goochland, VA",51075,17606
"Grayson, VA",51077,16638
"Greene, VA",51079,16287
"Greensville, VA",51081,11524
"Halifax, VA",51083,36658
"Hanover, VA",51085,91494
"Henrico, VA",51087,268224
"Henry, VA",51089,57103
"Highland, VA",51091,2445
"Isle of Wight, VA",51093,30644
"James City, VA",51095,51326
"King and Queen, VA",51097,6560
"King George, VA",51099,17749
"King William, VA",51101,13669
"Lancaster, VA",51103,11426
"Lee, VA",51105,24145
"Loudoun, VA",51107,203122
"Louisa, VA",51109,27009
"Lunenburg, VA",51111,13081
"Madison, VA",51113,12929
"Mathews, VA",51115,9183
"Mecklenburg, VA",51117,32282
"Middlesex, VA",51119,10020
"Montgomery, VA",51121,85089
"Nelson, VA",51125,14698
"New Kent, VA",51127,14194
"Northampton, VA",51131,12967
"Northumberland, VA",51133,12593
"Nottoway, VA",51135,15730
"Orange, VA",51137,27174
"Page, VA",51139,23317
"Patrick, VA",51141,19090
"Pittsylvania, VA",51143,61356
"Powhatan, VA",51145,24092
"Prince Edward, VA",51147,20063
"Prince George, VA",51149,35152
"Prince William, VA",51153,310048
"Pulaski, VA",51155,34821
"Rappahannock, VA",51157,7213
"Richmond, VA",51159,8921
"Roanoke, VA",51161,86341
"Rockbridge, VA",51163,20762
"Rockingham, VA",51165,69084
"Russell, VA",51167,28825
"Scott, VA",51169,22962
"Shenandoah, VA",51171,36377
"Smyth, VA",51173,32731
"Southampton, VA",51175,17291
"Spotsylvania, VA",51177,101878
"Stafford, VA",51179,103703
"Surry, VA",51181,6898
"Sussex, VA",51183,12037
"Tazewell, VA",51185,43947
"Warren, VA",51187,32801
"Washington, VA",51191,51259
"Westmoreland, VA",51193,16627
"Wise, VA",51195,41756
"Wythe, VA",51197,27633
"York, VA",51199,59143
"Alexandria, VA",51510,134500
"Bedford, VA",51515,6290
"Bristol, VA",51520,17101
"Buena Vista, VA",51530,6280
"Charlottesville, VA",51540,41171
"Chesapeake, VA",51550,204635
"Clifton Forge, VA",51560,0
"Colonial Heights, VA",51570,17099
"Covington, VA",51580,6358
"Danville, VA",51590,47280
"Emporia, VA",51595,5705
"Fairfax, VA",51600,22095
"Falls Church, VA",51610,10596
"Franklin, VA",51620,8124
"Fredericksburg, VA",51630,20294
"Galax, VA",51640,6668
"Hampton, VA",51650,145019
"Harrisonburg, VA",51660,42159
"Hopewell, VA",51670,22468
"Lexington, VA",51678,6877
"Lynchburg, VA",51680,64992
"Manassas, VA",51683,35821
"Manassas Park, VA",51685,10881
"Martinsville, VA",51690,15052
"Newport News, VA",51700,185011
"Norfolk, VA",51710,240378
"Norton, VA",51720,3856
"Petersburg, VA",51730,33019
"Poquoson, VA",51735,11625
"Portsmouth, VA",51740,99569
"Radford, VA",51750,15892
"Richmond, VA",51760,198480
"Roanoke, VA",51770,93354
"Salem, VA",51775,24791
"South Boston, VA",51780,0
"Staunton, VA",51790,23884
"Suffolk, VA",51800,69296
"Virginia Beach, VA",51810,430520
"Waynesboro, VA",51820,20216
"Williamsburg, VA",51830,11631
"Winchester, VA",51840,24632
WASHINGTON,53000,6056187
"Adams, WA",53001,16325
"Asotin, WA",53003,20511
"Benton, WA",53005,149718
"Chelan, WA",53007,66927
"Clallam, WA",53009,65819
"Clark, WA",53011,368690
"Columbia, WA",53013,4016
"Cowlitz, WA",53015,94313
"Douglas, WA",53017,33017
"Ferry, WA",53019,7261
"Franklin, WA",53021,52831
"Garfield, WA",53023,2265
"Grant, WA",53025,77129
"Grays Harbor, WA",53027,68313
"Island, WA",53029,75603
"Jefferson, WA",53031,27182
"King, WA",53033,1763669
"Kitsap, WA",53035,235499
"Kittitas, WA",53037,34777
"Klickitat, WA",53039,19132
"Lewis, WA",53041,69349
"Lincoln, WA",53043,10048
"Mason, WA",53045,50701
"Okanogan, WA",53047,38849
"Pacific, WA",53049,20551
"Pend Oreille, WA",53051,11972
"Pierce, WA",53053,728555
"San Juan, WA",53055,14616
"Skagit, WA",53057,106208
"Skamania, WA",53059,9879
"Snohomish, WA",53061,629671
"Spokane, WA",53063,427045
"Stevens, WA",53065,40020
"Thurston, WA",53067,216607
"Wahkiakum, WA",53069,3792
"Walla Walla, WA",53071,55903
"Whatcom, WA",53073,174980
"Whitman, WA",53075,41050
"Yakima, WA",53077,223394
WEST VIRGINIA,54000,1799411
"Barbour, WV",54001,15415
"Berkeley, WV",54003,81087
"Boone, WV",54005,25522
"Braxton, WV",54007,14677
"Brooke, WV",54009,25071
"Cabell, WV",54011,95549
"Calhoun, WV",54013,7332
"Clay, WV",54015,10291
"Doddridge, WV",54017,7433
"Fayette, WV",54019,46970
"Gilmer, WV",54021,6999
"Grant, WV",54023,11289
"Greenbrier, WV",54025,34442
"Hampshire, WV",54027,20807
"Hancock, WV",54029,31855
"Hardy, WV",54031,12826
"Harrison, WV",54033,67809
"Jackson, WV",54035,28039
"Jefferson, WV",54037,44692
"Kanawha, WV",54039,196033
"Lewis, WV",54041,16927
"Lincoln, WV",54043,22191
"Logan, WV",54045,36799
"McDowell, WV",54047,25781
"Marion, WV",54049,56160
"Marshall, WV",54051,34827
"Mason, WV",54053,25928
"Mercer, WV",54055,61982
"Mineral, WV",54057,27112
"Mingo, WV",54059,27462
"Monongalia, WV",54061,83370
"Monroe, WV",54063,13312
"Morgan, WV",54065,15230
"Nicholas, WV",54067,26134
"Ohio, WV",54069,46163
"Pendleton, WV",54071,7959
"Pleasants, WV",54073,7566
"Pocahontas, WV",54075,8937
"Preston, WV",54077,29428
"Putnam, WV",54079,52086
"Raleigh, WV",54081,78851
"Randolph, WV",54083,28303
"Ritchie, WV",54085,10303
"Roane, WV",54087,15287
"Summers, WV",54089,13909
"Taylor, WV",54091,15985
"Tucker, WV",54093,7227
"Tyler, WV",54095,9354
"Upshur, WV",54097,23328
"Wayne, WV",54099,42409
"Webster, WV",54101,9671
"Wetzel, WV",54103,17183
"Wirt, WV",54105,5797
"Wood, WV",54107,87597
"Wyoming, WV",54109,24715
WISCONSIN,55000,5446766
"Adams, WI",55001,20345
"Ashland, WI",55003,16793
"Barron, WI",55005,45442
"Bayfield, WI",55007,15063
"Brown, WI",55009,232059
"Buffalo, WI",55011,13742
"Burnett, WI",55013,15990
"Calumet, WI",55015,42544
"Chippewa, WI",55017,56083
"Clark, WI",55019,33566
"Columbia, WI",55021,53140
"Crawford, WI",55023,16980
"Dane, WI",55025,443430
"Dodge, WI",55027,86641
"Door, WI",55029,28212
"Douglas, WI",55031,43630
"Dunn, WI",55033,40785
"Eau Claire, WI",55035,94778
"Florence, WI",55037,5102
"Fond du Lac, WI",55039,97821
"Forest, WI",55041,9878
"Grant, WI",55043,49197
"Green, WI",55045,34031
"Green Lake, WI",55047,19128
"Iowa, WI",55049,23000
"Iron, WI",55051,6743
"Jackson, WI",55053,19283
"Jefferson, WI",55055,76678
"Juneau, WI",55057,24918
"Kenosha, WI",55059,153904
"Kewaunee, WI",55061,20349
"La Crosse, WI",55063,108368
"Lafayette, WI",55065,16136
"Langlade, WI",55067,20721
"Lincoln, WI",55069,29785
"Manitowoc, WI",55071,82049
"Marathon, WI",55073,126299
"Marinette, WI",55075,43198
"Marquette, WI",55077,14661
"Menominee, WI",55078,4627
"Milwaukee, WI",55079,948363
"Monroe, WI",55081,41429
"Oconto, WI",55083,36339
"Oneida, WI",55085,36811
"Outagamie, WI",55087,165593
"Ozaukee, WI",55089,83577
"Pepin, WI",55091,7319
"Pierce, WI",55093,37474
"Polk, WI",55095,42532
"Portage, WI",55097,67485
"Price, WI",55099,15388
"Racine, WI",55101,191469
"Richland, WI",55103,17829
"Rock, WI",55105,153509
"Rusk, WI",55107,15129
"St. Croix, WI",55109,68121
"Sauk, WI",55111,55767
"Sawyer, WI",55113,16462
"Shawano, WI",55115,40789
"Sheboygan, WI",55117,112964
"Taylor, WI",55119,19587
"Trempealeau, WI",55121,27057
"Vernon, WI",55123,28208
"Vilas, WI",55125,21739
"Walworth, WI",55127,95154
"Washburn, WI",55129,16374
"Washington, WI",55131,120537
"Waukesha, WI",55133,368625
"Waupaca, WI",55135,52176
"Waushara, WI",55137,24318
"Winnebago, WI",55139,158431
"Wood, WI",55141,75112
WYOMING,56000,497069
"Albany, WY",56001,32275
"Big Horn, WY",56003,11186
"Campbell, WY",56005,35869
"Carbon, WY",56007,15224
"Converse, WY",56009,12156
"Crook, WY",56011,5867
"Fremont, WY",56013,35801
"Goshen, WY",56015,12218
"Hot Springs, WY",56017,4711
"Johnson, WY",56019,7354
"Laramie, WY",56021,83144
"Lincoln, WY",56023,14644
"Natrona, WY",56025,67371
"Niobrara, WY",56027,2247
"Park, WY",56029,25740
"Platte, WY",56031,8694
"Sheridan, WY",56033,26871
"Sublette, WY",56035,6144
"Sweetwater, WY",56037,36831
"Teton, WY",56039,18727
"Uinta, WY",56041,19567
"Washakie, WY",56043,7890
"Weston, WY",56045,6538
